title,code,stars,genre,director,actor,writer,highest_percentages,highest_age
탑건:매버릭,81888,9.76,액션,조셉코신스키,톰크루즈,피터크레이그각본,37,30
클라우스,191613,9.67,애니메이션,서지오파블로스,제이슨슈왈츠먼,None,0,0
인생은뷰티풀:비타돌체,213364,9.66,공연실황,김선형,김호중,None,58,50
할머니의먼집,144584,9.62,다큐멘터리,이소현,박삼순,안보영프로듀서,68,20
밥정,186114,9.61,다큐멘터리,박혜령,임지호,엄정화프로듀서,35,20
그린북,171539,9.6,드라마,피터패럴리,비고모텐슨,브라이언커리각본,30,20
가버나움,174830,9.59,드라마,나딘라바키,자인알라피아,지하드호제일리각본,37,20
베일리어게인,144906,9.54,모험,라세할스트롬,조시게드,캐스린미숑각본,48,20
원더,151196,9.53,드라마,스티븐크보스키,제이콥트렘블레이,스티븐크보스키각색,35,20
아일라,169240,9.52,드라마,잔울카이,김설,유은정,47,20
디지몬어드벤처라스트에볼루션:인연,192613,9.51,애니메이션,타구치토모히사,하나에나츠키,혼고아키요시원작자,0,0
극장판바이올렛에버가든,196843,9.5,애니메이션,이시다테타이치,이시카와유이,요시다레이코각본,56,20
당갈,157243,9.49,드라마,니테쉬티와리,아미르칸,피유시굽타각본,61,20
아바타리마스터링,221031,9.49,SF,제임스카메론,샘워싱턴,제임스카메론각본,36,30
먼훗날우리,175092,9.48,드라마,유약영,정백연,원원각본,0,0
포드V페라리,181710,9.47,액션,제임스맨골드,맷데이먼,제즈버터워스각본,38,20
주전장,179518,9.46,다큐멘터리,미키데자키,전체관람가,미키데자키각본,34,30
쇼생크탈출,17421,9.46,드라마,프랭크다라본트,팀로빈스,프랭크다라본트각본,82,20
터미네이터2:오리지널,10200,9.45,SF,제임스카메론,아놀드슈왈제네거,제임스카메론각본,31,20
덕구,154667,9.45,드라마,방수인,이순재,방수인각본,47,20
클래식,35939,9.44,멜로/로맨스,곽재용,손예진,곽재용각본,57,20
나홀로집에,10016,9.44,모험,크리스콜럼버스,맥컬리컬킨,존휴즈각본,0,0
라이언일병구하기,18988,9.43,전쟁,스티븐스필버그,톰행크스,로버트로댓각본,0,0
장민호드라마최종회,213746,9.43,공연실황,장민호,전체관람가,None,50,40
"그대,고맙소:김호중생애첫팬미팅무비",196828,9.43,공연실황,오윤동,김호중,오윤동프로듀서,0,0
월-E,69105,9.42,애니메이션,앤드류스탠튼,벤버트,앤드류스탠튼각본,0,0
빽투더퓨쳐,10002,9.42,SF,로버트저메키스,마이클J.폭스,로버트저메키스각본,61,20
사운드오브뮤직,10102,9.42,멜로/로맨스,로버트와이즈,줄리앤드류스,어니스트리먼각본,80,20
포레스트검프,17159,9.42,드라마,로버트저메키스,톰행크스,에릭로스각본,56,20
보헤미안랩소디,156464,9.42,드라마,브라이언싱어,라미말렉,안토니맥카튼각본,40,20
글래디에이터,29217,9.41,액션,리들리스콧,러셀크로우,데이비드프란조니각본,0,0
타이타닉,18847,9.41,멜로/로맨스,제임스카메론,레오나르도디카프리오,제임스카메론각본,59,20
위대한쇼맨,106360,9.41,드라마,마이클그레이시,휴잭맨,제니빅스각본,59,20
명탐정코난:할로윈의신부,217719,9.41,애니메이션,미츠나카스스무,12세관람가,아오야마고쇼원작자,50,20
인생은아름다워,22126,9.41,드라마,로베르토베니니,로베르토베니니,빈센조세라미각본,54,20
살인의추억,35901,9.4,범죄,봉준호,송강호,봉준호각본,47,20
매트릭스,24452,9.4,SF,릴리워쇼스키,키아누리브스,릴리워쇼스키각본,41,30
헬프,82432,9.4,드라마,테이트테일러,엠마스톤,테이트테일러각본,0,0
캐스트어웨이,31162,9.4,드라마,로버트저메키스,톰행크스,윌리암브로일리스주니어각본,0,0
센과치히로의행방불명,32686,9.4,애니메이션,미야자키하야오,히이라기루미,미야자키하야오각본,60,20
태극권,11678,9.4,액션,원화평,이연걸,엽광검각본,0,0
토이스토리3,66463,9.39,애니메이션,리언크리치,톰행크스,마이클안트각본,0,0
가나의혼인잔치:언약,197647,9.39,다큐멘터리,브렌트밀러주니어,션알다란,브렌트밀러주니어각본,33,30
쉰들러리스트,14450,9.39,드라마,스티븐스필버그,리암니슨,스티븐자일리안각본,45,20
헌터킬러,92125,9.39,액션,도노반마시,제라드버틀러,제이미모스각본,32,20
반지의제왕:왕의귀환,31796,9.38,판타지,피터잭슨,일라이저우드,프랜월시각본,53,20
죽은시인의사회,10048,9.38,드라마,피터위어,로빈윌리엄스,톰슐만각본,65,20
히든피겨스,147092,9.38,드라마,데오도르멜피,타라지P.헨슨,엘리슨슈로더각색,49,20
어벤져스:엔드게임,136900,9.38,액션,안소니루소,로버트다우니주니어,크리스토퍼마커스각본,46,20
집으로...,34324,9.38,드라마,이정향,김을분,이정향각본,71,30
레옹,17170,9.38,범죄,뤽베송,장르노,뤽베송각본,73,20
클레멘타인,37886,9.38,액션,김두영,이동준,은혜림각본,0,0
여인의향기,12482,9.38,드라마,마틴브레스트,알파치노,보골드먼각본,0,0
알라딘,163788,9.38,모험,가이리치,메나마수드,존오거스트각본,37,20
아이캔스피크,161850,9.37,드라마,김현석,나문희,유승희각본,52,20
씽2게더,187320,9.37,애니메이션,가스제닝스,매튜맥커너히,가스제닝스각본,41,20
동주,134899,9.37,드라마,이준익,강하늘,신연식각본,55,20
잭스나이더의저스티스리그,203288,9.37,액션,잭스나이더,벤애플렉,크리스테리오각본,0,0
해리포터와마법사의돌,30688,9.37,판타지,크리스콜럼버스,다니엘래드클리프,스티브클로브스각본,54,20
서유기2-선리기연,18543,9.37,코미디,유진위,주성치,None,0,0
안녕베일리,181700,9.37,가족,게일맨쿠소,조시게드,마야포브스각본,35,20
다시태어나도우리,154573,9.36,다큐멘터리,문창용,파드마앙뚜,전진프로듀서,35,20
올빼미,222301,9.36,스릴러,안태진,류준열,현규리각본,38,30
굿바이마이프랜드,17541,9.36,드라마,피터호튼,조셉마젤로,로버트쿤각본,0,0
미스슬로운,142632,9.36,드라마,존매든,제시카차스테인,조나단페레라각본,62,20
주토피아,130850,9.36,애니메이션,바이론하워드,지니퍼굿윈,자레드부시각본,47,20
굿윌헌팅,19079,9.35,드라마,구스반산트,맷데이먼,벤애플렉각본,42,20
트루먼쇼,19099,9.35,코미디,피터위어,짐캐리,앤드류니콜각본,62,20
나홀로집에2-뉴욕을헤매다,12270,9.35,모험,크리스콜럼버스,맥컬리컬킨,존휴즈각본,0,0
세얼간이,73372,9.35,코미디,라지쿠마르히라니,아미르칸,비두비노드쇼프라각본,0,0
미세스다웃파이어,16210,9.35,코미디,크리스콜럼버스,로빈윌리엄스,랜디메이엄싱어각본,0,0
반지의제왕:두개의탑,31795,9.35,판타지,피터잭슨,일라이저우드,프랜월시각본,43,20
자산어보,189075,9.35,드라마,이준익,설경구,김세겸각본,30,30
"지금,만나러갑니다",39636,9.35,멜로/로맨스,도이노부히로,다케우치유코,오카다요시카즈각본,54,20
에이리언2,10038,9.35,SF,제임스카메론,시고니위버,제임스카메론각본,0,0
모노노케히메,19303,9.35,애니메이션,미야자키하야오,마츠다요지,미야자키하야오각본,50,10
울지마톤즈,76667,9.35,다큐멘터리,구수환,이금희,윤정화각본,100,40
지상의별처럼,51172,9.35,드라마,아미르칸,다쉴사페리,아몰굽테각본,0,0
아기공룡둘리-얼음별대모험,17441,9.35,애니메이션,김수정,박영남,김수정원작자,0,0
더록,17135,9.35,액션,마이클베이,숀코네리,데이빗웨이스버그각본,0,0
오세암,34181,9.35,애니메이션,성백엽,김서영,최민용각본,0,0
아마데우스,10114,9.35,드라마,밀로스포만,톰헐스,피터쉐퍼각본,46,20
아이즈온미:더무비,189027,9.34,공연실황,권은비,전체관람가,오윤동제작,0,0
프리윌리,16466,9.34,가족,사이먼윈서,케이코,키스월커각본,0,0
다크나이트,62586,9.34,액션,크리스토퍼놀란,크리스찬베일,조나단놀란각본,48,20
로망,182348,9.34,멜로/로맨스,이창근,이순재,이창근각본,39,20
알라딘,13008,9.34,애니메이션,존머스커,스콧와인거,론클레멘츠각본,0,0
범죄도시2,192608,9.34,범죄,이상용,마동석,김민성각본,40,30
언더독,144318,9.33,애니메이션,오성윤,도경수,오성윤각본,38,30
그대를사랑합니다,73476,9.33,드라마,추창민,이순재,추창민각본,0,0
아이엠샘,34227,9.33,드라마,제시넬슨,숀펜,크리스틴존슨각본,0,0
빌리엘리어트,31013,9.33,드라마,스티븐달드리,제이미벨,리홀각본,46,20
언터처블:1%의우정,87566,9.33,코미디,올리비에르나카체,프랑수아클루제,에릭토레다노각본,0,0
천공의성라퓨타,18782,9.33,애니메이션,미야자키하야오,타나카마유미,미야자키하야오각본,0,0
피아니스트,35187,9.33,드라마,로만폴란스키,애드리언브로디,로날드하우드각본,62,20
시네마천국,10001,9.33,드라마,쥬세페토르나토레,마르코레오나르디,쥬세페토르나토레각본,47,20
러브유어셀프인서울,180220,9.33,공연실황,RM,전체관람가,오윤동프로듀서,0,0
프리퀀시,29657,9.33,범죄,그레고리호블릿,데니스퀘이드,토비에머리치각본,0,0
두교황,189111,9.33,드라마,페르난도메이렐레스,안소니홉킨스,안토니맥카튼각본,37,30
라푼젤,75470,9.33,애니메이션,네이슨그레노,맨디무어,댄포겔맨각본,0,0
토이스토리,17153,9.33,애니메이션,존라세터,톰행크스,조스웨던각본,0,0
업,52120,9.33,애니메이션,피트닥터,에드워드애스너,밥피터슨각본,0,0
소원,103535,9.33,드라마,이준익,설경구,김지혜각본,0,0
해리포터와죽음의성물-2부,47528,9.33,모험,데이빗예이츠,다니엘래드클리프,스티브클로브스각본,0,0
늑대와춤을,10244,9.33,서부,케빈코스트너,케빈코스트너,마이클블레이크원작자,37,50
드래곤길들이기,70457,9.33,애니메이션,딘데블로이스,제이바루첼,딘데블로이스각본,100,30
아이언자이언트,25915,9.32,애니메이션,브래드버드,제니퍼애니스톤,팀맥칸라이즈각본,57,20
에이아이,31268,9.32,SF,스티븐스필버그,할리조엘오스먼트,스티븐스필버그각본,100,20
우리들의일그러진영웅,12297,9.32,드라마,박종원,홍경인,장현수각본,0,0
코코,151728,9.32,애니메이션,리언크리치,안소니곤잘레스,애드리언몰리나각본,37,30
블라인드사이드,71081,9.32,드라마,존리행콕,산드라블록,존리행콕각본,0,0
교회오빠,183132,9.32,다큐멘터리,이호경,이관희,송웅달프로듀서,35,20
패왕별희디오리지널,14448,9.32,드라마,천카이거,장국영,이벽화각본,59,20
모던타임즈,10249,9.32,코미디,찰리채플린,찰리채플린,찰리채플린각본,67,20
코러스,39584,9.32,드라마,크리스토퍼파라티에,제라르쥐노,크리스토퍼파라티에각본,0,0
극장판짱구는못말려:격돌!낙서왕국과얼추네명의용사들,205968,9.31,애니메이션,쿄고쿠타카히코,박영남,None,53,20
뷰티풀투모로우,169561,9.31,드라마,장재혁,박효신,박상규각본,0,0
주먹왕랄프,87307,9.31,애니메이션,리치무어,존C.라일리,필존스턴각본,0,0
폴리스스토리,10746,9.31,액션,성룡,성룡,덩징성각본,100,20
쥬라기공원,13500,9.31,SF,스티븐스필버그,샘닐,마이클크라이튼각본,0,0
라따뚜이,65021,9.31,코미디,브래드버드,패튼오스왈트,브래드버드각본,0,0
다이하드,10012,9.31,액션,존맥티어난,브루스윌리스,제브스튜어트각본,0,0
소울,184517,9.31,애니메이션,피트닥터,제이미폭스,켐프파워각본,49,20
8월의크리스마스,18817,9.31,드라마,허진호,한석규,오승욱각본,50,10
폴란드로간아이들,178434,9.31,다큐멘터리,추상미,이송,채수응프로듀서,31,30
록키,10021,9.31,드라마,존G.아빌드센,실베스터스탤론,실베스터스탤론각본,40,30
반지의제왕:반지원정대,31794,9.31,판타지,피터잭슨,일라이저우드,프랜월시각본,62,20
바이센테니얼맨,28788,9.3,SF,크리스콜럼버스,로빈윌리엄스,니콜라스카잔각본,0,0
바람계곡의나우시카,18052,9.3,애니메이션,미야자키하야오,시마모토스미,미야자키하야오각본,100,20
보디가드,17111,9.3,액션,원규,이연걸,진가상각본,0,0
몬스터주식회사3D,32112,9.3,애니메이션,피트닥터,존굿맨,댄거슨각본,0,0
엽기적인그녀,31726,9.3,코미디,곽재용,전지현,곽재용각본,100,20
번더스테이지:더무비,176354,9.3,대한민국,박준수,RM,윤지원프로듀서,0,0
브레이크더사일런스:더무비,195975,9.3,다큐멘터리,박준수,RM,None,0,0
메리포핀스,11608,9.3,가족,로버트스티븐슨,줄리앤드류스,빌월시각본,0,0
일급살인,17869,9.3,드라마,마크로코,크리스찬슬레이터,댄고든각본,0,0
달링,152655,9.3,드라마,앤디서키스,앤드류가필드,윌리엄니콜슨각본,42,20
시월애,30306,9.29,드라마,이현승,이정재,여지나각본,50,30
플립,76309,9.29,멜로/로맨스,로브라이너,매들린캐롤,로브라이너각본,63,20
동방불패,11104,9.29,액션,정소동,이연걸,장탄각본,0,0
허스토리,167787,9.29,드라마,민규동,김희애,서혜림각본,56,20
영웅:샐러멘더의비밀,51708,9.29,액션,알렉산드르야킴추크,김보성,세르게이본다렌코각본,0,0
오페라의유령:25주년특별공연,89752,9.29,공연실황,캐머런맥킨토시,시에라보게스,카메론매킨토시제작,57,20
뽀로로극장판보물섬대모험,183136,9.29,애니메이션,김현호,이선,이원식각본,72,30
내이름은칸,70651,9.29,드라마,카란조하르,샤룩칸,시바니바디자각본,0,0
라이온킹,16521,9.29,애니메이션,로저알러스,조나단테일러토마스,아이린메치각본,0,0
타잔,25266,9.29,애니메이션,케빈리마,토니골드윈,탭머피각본,0,0
인생,16531,9.29,드라마,장이머우,공리,여화원작자,43,20
천녀유혼,10670,9.29,판타지,정소동,장국영,원계지각본,50,30
"나,다니엘블레이크",150376,9.29,드라마,켄로치,데이브존스,폴래버티각본,45,20
명탐정코난:베이커가의망령,38613,9.29,애니메이션,코다마켄지,타카야마미나미,노자와히사시각본,0,0
극장판짱구는못말려:수수께끼!꽃피는천하떡잎학교,219812,9.29,애니메이션,타카하시와타루,전체관람가,우스이요시토원작자,47,20
천국의아이들,29571,9.28,드라마,마지드마지디,레자나지,마지드마지디각본,60,20
공동경비구역JSA,15899,9.28,드라마,박찬욱,이영애,김현석각본,58,20
소년시절의너,192066,9.28,멜로/로맨스,증국상,주동우,람윙섬각본,52,20
빌리엘리어트뮤지컬라이브,125724,9.28,공연실황,스티븐달드리,엘리엇한나,엘튼존음악,35,20
자백,146534,9.28,다큐멘터리,최승호,최승호,정재홍각본,32,30
더코브:슬픈돌고래의진실,53951,9.27,다큐멘터리,루이시호요스,조치숌,마크먼로각본,0,0
바람,70773,9.27,드라마,이성한,정우,이성한각본,0,0
우리들,146504,9.27,드라마,윤가은,최수인,윤가은각본,49,20
맨발의꿈,51083,9.27,드라마,김태균,박희순,김광훈각본,0,0
극장판귀멸의칼날:무한열차편,196051,9.27,애니메이션,소토자키하루오,이경태,고토게코요하루원작자,54,20
말할수없는비밀,68555,9.27,멜로/로맨스,주걸륜,주걸륜,주걸륜각본,59,20
가타카,19074,9.27,SF,앤드류니콜,에단호크,앤드류니콜각본,0,0
세상에서가장아름다운이별,79762,9.27,드라마,민규동,배종옥,민규동각본,0,0
퀸락몬트리올,54900,9.27,다큐멘터리,솔스위머,존디콘,솔스위머제작,0,0
취권2,16216,9.27,액션,유가량,성룡,덩징성각본,0,0
이웃집토토로,18781,9.27,애니메이션,미야자키하야오,히다카노리코,미야자키하야오각본,39,30
석양의무법자,13967,9.27,서부,세르지오레오네,클린트이스트우드,세르지오레오네각본,0,0
로마의휴일,10101,9.27,코미디,윌리엄와일러,그레고리펙,이안맥리랜헌터각본,50,30
온리더브레이브,151752,9.26,드라마,조셉코신스키,조슈브롤린,켄놀런각본,45,20
랜드오브마인,144100,9.26,드라마,마틴잔드블리엣,로랜드몰러,마틴잔드블리엣각본,45,20
마이클잭슨의디스이즈잇,70251,9.26,다큐멘터리,케니오테가,마이클잭슨,샹탈피게리공동제작,0,0
에이트빌로우,58323,9.26,모험,프랭크마샬,폴워커,데이빗디길리오각본,0,0
도가니,75413,9.26,드라마,황동혁,공유,황동혁각본,0,0
언플랜드,182525,9.26,드라마,척콘젤만,애슐리브래처,캐리솔로몬각본,30,30
브레이브하트,17162,9.26,액션,멜깁슨,멜깁슨,랜달웰러스각본,0,0
패밀리맨,31159,9.26,코미디,브렛래트너,니콜라스케이지,데이빗다이아몬드각본,0,0
터미네이터,10028,9.26,SF,제임스카메론,아놀드슈왈제네거,제임스카메론각본,0,0
드래곤길들이기3,109193,9.26,애니메이션,딘데블로이스,제이바루첼,딘데블로이스각본,33,40
로보캅,10217,9.25,SF,폴버호벤,피터웰러,에드워드누메이어각본,0,0
본얼티메이텀,59075,9.25,액션,폴그린그래스,맷데이먼,토니길로이각본,42,20
가위손,10936,9.25,판타지,팀버튼,조니뎁,캐롤라인톰슨각본,65,20
RRR:라이즈로어리볼트,218877,9.25,액션,SS라자몰리,주니어N.T.R.,키라바니음악,0,0
토이스토리2,27578,9.25,애니메이션,존라세터,톰행크스,앤드류스탠튼각본,0,0
브링더소울:더무비,187051,9.25,다큐멘터리,박준수,RM,윤지원프로듀서,35,40
또하나의약속,100654,9.25,드라마,김태윤,박철민,김태윤각본,45,20
친정엄마,71932,9.25,드라마,유성엽,김해숙,장혜선각본,0,0
해바라기,44529,9.25,액션,강석범,김래원,강석범각본,0,0
기적,199860,9.25,드라마,이장훈,박정민,손주연각본,39,20
그랜토리노,51462,9.25,범죄,클린트이스트우드,클린트이스트우드,브루스버그만총괄프로듀서,0,0
하이스쿨뮤지컬:졸업반,45774,9.25,뮤지컬,케니오테가,잭에프론,피터바소치니각본,0,0
시스터액트,12393,9.25,코미디,에밀아돌리노,우피골드버그,조셉하워드각본,0,0
"광해,왕이된남자",83893,9.25,드라마,추창민,이병헌,황조윤각본,0,0
신데렐라맨,41375,9.25,드라마,론하워드,러셀크로우,클리프홀링스워스각본,0,0
아저씨,71509,9.25,액션,이정범,원빈,이정범각본,0,0
투게더,36718,9.25,드라마,천카이거,류페이치,천카이거각본,0,0
뷰티풀마인드,34010,9.25,드라마,론하워드,러셀크로우,아키바골즈먼각본,0,0
파워오브원,11295,9.25,드라마,존G.아빌드센,스티븐도프,로버트마크케이먼각본,0,0
피아니스트의전설,29059,9.25,드라마,쥬세페토르나토레,팀로스,쥬세페토르나토레각본,46,20
바람과함께사라지다,10020,9.25,드라마,빅터플레밍,클라크게이블,시드니하워드각본,41,20
부활:그증거,194334,9.24,다큐멘터리,김상철,권오중,김상철각본,39,30
12번째솔저,172980,9.24,전쟁,해럴드즈워트,토마스갈라스타드,페터스카브란각본,50,30
땐뽀걸즈,167107,9.24,다큐멘터리,이승문,이규호,윤중음악,55,20
야쿠자와가족,199269,9.24,드라마,후지이미치히토,아야노고,None,0,0
쿨러닝,16218,9.24,드라마,존터틀타웁,리온,린사이퍼각본,0,0
집으로가는길,29953,9.24,드라마,장이머우,장쯔이,후영촬영,0,0
스피릿,35100,9.24,애니메이션,켈리애스버리,맷데이먼,존푸스코각본,0,0
동급생,148338,9.24,애니메이션,나카무라쇼코,노지마켄지,None,58,20
인크레더블,36798,9.24,애니메이션,브래드버드,크레이그T.넬슨,브래드버드각본,0,0
트루맛쇼,84148,9.24,다큐멘터리,김재환,박나림,예민정제작총괄,0,0
리멤버타이탄,30897,9.24,가족,보아즈야킨,덴젤워싱톤,그레고리알렌하워드각본,0,0
"님아,그강을건너지마오",130013,9.24,다큐멘터리,진모영,조병만,한경수제작,50,20
갓파쿠와여름방학을,68502,9.24,애니메이션,하라케이이치,김연우,하라케이이치각본,50,40
내겐너무소중한너,201898,9.24,드라마,이창원,진구,이창원각본,83,20
미녀와야수,13172,9.24,애니메이션,게리트러스데일,페이지오하라,린다울버턴각본,0,0
아름다운비행,17903,9.24,가족,캐롤발라드,제프다니엘스,빌리쉬맨각본,0,0
"미안해요,리키",185275,9.24,드라마,켄로치,크리스히친,폴래버티각본,39,30
인셉션,52515,9.24,액션,크리스토퍼놀란,레오나르도디카프리오,크리스토퍼놀란각본,59,20
로미오와줄리엣,10185,9.24,드라마,프랑코제페렐리,레너드위팅,프랑코브루사티각본,0,0
말아톤,39436,9.24,드라마,정윤철,조승우,윤진호각본,0,0
프린스앤프린세스,31170,9.24,애니메이션,미셸오슬로,이베스바사크,미셸오슬로각본,0,0
마지막황제,10314,9.23,드라마,베르나르도베르톨루치,존론,마크피플각본,83,20
핵소고지,142305,9.23,드라마,멜깁슨,앤드류가필드,로버트쉔컨각본,55,20
타인의삶,63403,9.23,드라마,플로리안헨켈폰도너스마르크,울리히뮤흐,플로리안헨켈폰도너스마르크각본,0,0
마이너리티리포트,31788,9.23,SF,스티븐스필버그,톰크루즈,스콧프랭크각본,0,0
크루즈패밀리,79435,9.23,애니메이션,커크드미코,니콜라스케이지,커크드미코각본,0,0
크림슨타이드,17486,9.23,액션,토니스콧,덴젤워싱턴,마이클쉬퍼각본,0,0
명탐정코난:천공의난파선,75216,9.23,애니메이션,야마모토야스이치로,타카야마미나미,코우치카즈나리각본,0,0
킹콩을들다,50672,9.23,드라마,박건용,이범수,박건용각본,0,0
극장판헬로카봇:백악기시대,175727,9.23,애니메이션,최신규,이지현,조정희각본,75,30
잉여들의히치하이킹,115298,9.23,다큐멘터리,이호재,이호재,정수연사운드디자인,76,20
1987,158191,9.23,드라마,장준환,김윤석,김경찬각본,44,20
고녀석맛나겠다,79749,9.23,애니메이션,후지모리마사야,야마구치캇페이,무라카미오사무각본,0,0
벤허,10058,9.23,드라마,윌리엄와일러,찰톤헤스톤,칼턴버그각본,37,20
사랑은비를타고,10105,9.23,뮤지컬,진켈리,진켈리,아돌프그린각본,50,20
백발마녀전,12993,9.23,액션,우인태,장국영,우인태각본,0,0
위대한독재자,10341,9.23,코미디,찰리채플린,찰리채플린,찰리채플린각본,67,20
레드슈즈,164907,9.23,애니메이션,홍성호,클로이모레츠,홍성호각본,43,30
맨오브오너,31148,9.23,드라마,조지틸만주니어,로버트드니로,스콧마샬스미스각본,0,0
엽문,48602,9.22,액션,엽위신,견자단,황자환각본,0,0
똥파리,68031,9.22,드라마,양익준,양익준,양익준각본,33,20
라이언,134841,9.22,드라마,가스데이비스,써니파와르,루크데이비스각본,44,20
이티,10018,9.22,SF,스티븐스필버그,헨리토마스,멜리사머디슨각본,0,0
미이라,24542,9.22,모험,스티븐소머즈,브렌든프레이저,스티븐소머즈각본,0,0
페이스오프,18552,9.22,액션,오우삼,존트라볼타,마이크워브각본,0,0
빠삐용,10046,9.22,모험,프랭클린J.샤프너,스티브맥퀸,달톤트럼보각본,50,10
빽투더퓨쳐2,10003,9.22,SF,로버트저메키스,마이클J.폭스,밥게일각본,52,30
극장판주술회전0,213733,9.22,애니메이션,박성후,오가타메구미,None,50,20
사랑과영혼,10173,9.22,멜로/로맨스,제리주커,패트릭스웨이지,브루스조엘루빈각본,0,0
인크레더블2,136990,9.22,애니메이션,브래드버드,크레이그T.넬슨,브래드버드각본,37,30
러빙빈센트,144379,9.22,애니메이션,도로타코비엘라,더글러스부스,도로타코비엘라각본,47,20
보루토-나루토더무비,140711,9.22,애니메이션,야마시타히로유키,산페이유코,키시모토마사시각본,61,20
태극기휘날리며,36666,9.22,전쟁,강제규,장동건,강제규각본,0,0
콘택트,18610,9.22,SF,로버트저메키스,조디포스터,제임스하트각본,0,0
인생은아름다워,187821,9.22,뮤지컬,최국희,류승룡,배세영각본,37,30
대부2,10072,9.22,범죄,프란시스포드코폴라,알파치노,프란시스포드코폴라각본,0,0
내사랑,154437,9.22,드라마,에이슬링월쉬,샐리호킨스,쉐리화이트각본,39,20
니모를찾아서3D,32116,9.21,애니메이션,앤드류스탠튼,앨버트브룩스,앤드류스탠튼각본,0,0
칼리토,16217,9.21,범죄,브라이언드팔마,알파치노,데이빗코엡각본,0,0
나비효과,38091,9.21,드라마,에릭브레스,애쉬튼커쳐,마키에그러버각본,0,0
그린마일,28677,9.21,범죄,프랭크다라본트,톰행크스,프랭크다라본트각본,0,0
빅,10600,9.21,코미디,페니마샬,톰행크스,게리로스각본,100,30
특전유보트,10647,9.21,드라마,볼프강페터젠,주겐프로크노,볼프강페터젠각본,0,0
눈의여왕4,190395,9.21,애니메이션,로버트렌스,양정화,None,46,30
테이큰,47152,9.21,액션,피에르모렐,리암니슨,뤽베송각본,0,0
바이올렛에버가든-영원과자동수기인형-,181286,9.21,애니메이션,후지타하루카,전체관람가,이시다테타이치감수,76,20
뚜르:내생애최고의49일,142304,9.21,다큐멘터리,임정하,이윤혁,임정하제작,36,20
스타이즈본,168050,9.21,드라마,브래들리쿠퍼,브래들리쿠퍼,윌페터스각본,57,20
첫키스만50번째,38227,9.21,멜로/로맨스,피터시걸,아담샌들러,조지윙각본,68,20
쥬만지,17440,9.21,모험,조존스톤,로빈윌리엄스,조나단헨슬레이각본,0,0
타짜,57723,9.21,범죄,최동훈,조승우,최동훈각본,46,30
캐치미이프유캔,34522,9.21,범죄,스티븐스필버그,레오나르도디카프리오,제프나단슨각본,0,0
스파이더맨:뉴유니버스,171725,9.21,애니메이션,밥퍼시케티,샤메익무어,필로드각본,50,20
스팅,10047,9.21,코미디,조지로이힐,폴뉴먼,데이빗워드각본,0,0
오베라는남자,139613,9.21,드라마,하네스홀름,롤프라스가드,하네스홀름각본,40,20
서유기-월광보합,18542,9.21,코미디,유진위,주성치,기안각본,0,0
슈퍼소닉,151106,9.21,다큐멘터리,맷화이트크로스,노엘갤러거,제임스게이리즈제작,64,20
라디오스타,58088,9.21,코미디,이준익,박중훈,최석환각본,0,0
스쿨오브락,37486,9.21,코미디,리처드링클레이터,잭블랙,마이크화이트각본,0,0
스파이지니어스,172780,9.2,애니메이션,닉브루노,윌스미스,브래드코펠랜드각본,36,30
프레데터,10061,9.2,액션,존맥티어난,아놀드슈왈제네거,짐토머스각본,0,0
눈길,134772,9.2,드라마,이나정,김영옥,유보라각본,53,20
혹성탈출,11002,9.2,SF,프랭클린J.샤프너,찰톤헤스톤,마이클윌슨각본,0,0
"서서평,천천히평온하게",160135,9.2,다큐멘터리,홍주연,하정우,한지원각본,33,30
어메이징메리,143469,9.2,드라마,마크웹,크리스에반스,톰플린각본,42,20
어느가족,172174,9.2,드라마,고레에다히로카즈,릴리프랭키,고레에다히로카즈각본,36,20
대부3,10561,9.2,범죄,프란시스포드코폴라,알파치노,마리오푸조각본,0,0
시간을달리는소녀,63513,9.2,애니메이션,호소다마모루,나카리이사,오쿠데라사토코각본,52,20
과속스캔들,51143,9.2,코미디,강형철,차태현,강형철각본,0,0
페이트스테이나이트헤븐즈필제3장스프링송,195687,9.2,애니메이션,스도토모노리,스기야마노리아키,None,69,20
천장지구,11003,9.2,액션,진목승,유덕화,진목승각본,0,0
"내어깨위고양이,밥",154379,9.2,드라마,로저스포티스우드,루크트레더웨이,마리아네이션각본,42,30
너에게가는길,203715,9.19,다큐멘터리,변규리,정은애,변규리구성,48,20
"불량소녀,너를응원해!",138877,9.19,드라마,도이노부히로,아리무라카스미,하시모토히로시각본,62,20
공공의적,32610,9.19,범죄,강우석,설경구,김현정각본,0,0
파수꾼,75378,9.19,드라마,윤성현,이제훈,윤성현각본,50,20
파앤드어웨이,13234,9.19,드라마,론하워드,톰크루즈,론하워드각본,100,20
뻐꾸기둥지위로날아간새,10688,9.19,드라마,밀로스포먼,잭니콜슨,로렌스하우벤각본,100,40
킹오브프리즘,152160,9.19,드라마,히시다마사카즈,카키하라테츠야,None,60,20
러브앳,190244,9.19,멜로/로맨스,위고젤랭,프랑수아시빌,위고젤랭각본,67,20
크루엘라,187322,9.19,드라마,크레이그질레스피,엠마스톤,엘라인브로쉬멕켄나각본,54,20
네고시에이터,19469,9.19,액션,F.게리그레이,사무엘L.잭슨,제임스드모나코각본,0,0
태양은가득히,10514,9.19,범죄,르네클레망,알랭들롱,르네클레망각본,100,20
해피투게더,19335,9.18,드라마,왕가위,장국영,왕가위각본,59,20
영웅본색,10110,9.18,액션,오우삼,적룡,오우삼각본,50,20
어바웃타임,92075,9.18,멜로/로맨스,리차드커티스,도널글리슨,리차드커티스각본,63,20
헤드윅,31827,9.18,드라마,존카메론미첼,존카메론미첼,존카메론미첼각본,68,20
오아시스,34093,9.18,드라마,이창동,설경구,이창동각본,67,20
뽀로로극장판공룡섬대모험,169349,9.18,애니메이션,김현호,이선,김창원각본,78,30
모아나,130849,9.18,애니메이션,론클레멘츠,아우이크라발호,론클레멘츠각본,51,30
분노의역류,10980,9.18,드라마,론하워드,커트러셀,그레고리위든각본,0,0
칠곡가시나들,181717,9.18,다큐멘터리,김재환,박금분,예희강프로듀서,55,20
어퓨굿맨,12324,9.17,범죄,로브라이너,톰크루즈,아론소킨각본,0,0
마틸다,18934,9.17,코미디,대니드비토,마라윌슨,니콜라스카잔각본,0,0
트와이스랜드,180361,9.17,다큐멘터리,나연,전체관람가,오윤동프로듀서,0,0
사랑의블랙홀,13957,9.17,멜로/로맨스,해롤드래미스,빌머레이,대니루빈각본,100,20
플래툰,10039,9.17,전쟁,올리버스톤,찰리쉰,올리버스톤각본,44,20
코치카터,39857,9.17,드라마,토머스카터,사무엘L.잭슨,마크쉬완각본,0,0
체인질링,63156,9.17,드라마,클린트이스트우드,안젤리나졸리,마이클스트랙진스키각본,0,0
흑집사:북오브더아틀란틱,158578,9.17,애니메이션,아베노리유키,오노다이스케,요시노히로유키각본,56,20
제리맥과이어,17942,9.17,드라마,카메론크로우,톰크루즈,카메론크로우각본,80,30
일포스티노,17796,9.16,드라마,마이클래드포드,필립느와레,마이클래드포드각본,39,20
그래도내가하지않았어,62329,9.16,드라마,수오마사유키,카세료,수오마사유키각본,0,0
JFK,10740,9.16,범죄,올리버스톤,케빈코스트너,올리버스톤각본,0,0
하이스피드!–프리!스타팅데이즈,145736,9.16,애니메이션,타케모토야스히로,시마자키노부나가,요코타니마사히로각본,53,20
식코,66801,9.16,다큐멘터리,마이클무어,마이클무어,마이클무어각본,0,0
대부,10071,9.16,범죄,프란시스포드코폴라,말론브란도,마리오푸조각본,0,0
바울,173692,9.16,드라마,앤드류하얏트,제임스폴크너,앤드류하얏트각본,27,50
하이큐!!재능과센스,169348,9.16,애니메이션,미츠나카스스무,12세관람가,None,41,20
인어공주,10669,9.16,애니메이션,존머스커,린어벌조노이스,존머스커각본,0,0
마스크,17131,9.16,코미디,척러셀,짐캐리,마이크워브각본,0,0
귀향,135843,9.15,드라마,조정래,강하나,조정래각본,50,20
가디언즈,87308,9.15,애니메이션,피터램지,크리스파인,윌리엄조이스각본,0,0
길버트그레이프,16487,9.15,드라마,라세할스트롬,조니뎁,피터헤지스각본,0,0
러브어페어,17685,9.15,멜로/로맨스,글렌고든카슨,워렌비티,로버트타운각본,0,0
톰보이,85825,9.15,드라마,셀린시아마,조허란,셀린시아마각본,67,20
에너미오브스테이트,19521,9.15,액션,토니스콧,윌스미스,데이빗마코니각본,0,0
코렐라인:비밀의문,67696,9.15,애니메이션,헨리셀릭,다코타패닝,닐게이먼각본,0,0
조조래빗,187308,9.15,코미디,타이카와이티티,스칼릿조핸슨,타이카와이티티각본,49,20
쉘위댄스,26333,9.14,코미디,수오마사유키,야쿠쇼코지,수오마사유키각본,100,20
범죄도시,161242,9.14,액션,강윤성,마동석,강윤성각본,56,20
극장판공룡메카드:타이니소어의섬,180372,9.14,애니메이션,최신규,김서영,히라노야스시각본,69,30
비상,64128,9.14,다큐멘터리,임유철,오만석,임선애각본,0,0
말모이,167699,9.14,드라마,엄유나,유해진,엄유나각본,36,20
패딩턴2,146489,9.14,코미디,폴킹,벤위쇼,사이몬파너비각본,41,30
도망자,13042,9.14,액션,앤드루데이비스,해리슨포드,제브스튜어트각본,0,0
와이키키브라더스,31422,9.14,드라마,임순례,이얼,임순례각본,50,30
아름다운세상을위하여,31110,9.14,드라마,미미레더,케빈스페이시,레슬리딕슨각본,0,0
첨밀밀,17997,9.14,멜로/로맨스,진가신,여명,안서각본,0,0
혐오스런마츠코의일생,58333,9.14,코미디,나카시마테츠야,나카타니미키,나카시마테츠야각본,0,0
설리:허드슨강의기적,143495,9.14,드라마,클린트이스트우드,톰행크스,토드코마르니키각본,51,20
블러드다이아몬드,62265,9.14,모험,에드워드즈윅,레오나르도디카프리오,찰스리빗각본,0,0
즐거운인생,65463,9.14,코미디,이준익,정진영,최석환각본,0,0
그해여름,46985,9.14,멜로/로맨스,조근식,이병헌,김은희각본,0,0
스트레인저-무황인담,47986,9.13,액션,안도마사히로,치넨유리,타카야마후미히코각본,0,0
귀를기울이면,24008,9.13,애니메이션,콘도요시후미,혼나요코,미야자키하야오각본,0,0
오직그대만,82219,9.13,멜로/로맨스,송일곤,소지섭,송일곤각본,0,0
코다,201073,9.13,드라마,션헤이더,에밀리아존스,션헤이더각본,49,20
러브레터,19031,9.13,드라마,이와이슌지,나카야마미호,이와이슌지각본,57,20
국가대표,47385,9.13,드라마,김용화,하정우,김용화각본,0,0
취권,10440,9.13,코미디,원화평,성룡,오사원제작,0,0
스텝업3D,71987,9.13,드라마,존추,샤니빈슨,에이미앤델슨각본,0,0
할머니는일학년,94594,9.13,드라마,진광교,김진구,정회현각본,0,0
후크,16998,9.13,가족,스티븐스필버그,더스틴호프만,제임스하트각본,0,0
봄날은간다,31801,9.13,드라마,허진호,유지태,류장하각본,44,20
아이,194463,9.13,드라마,김현탁,김향기,김현탁각본,43,20
클릭,58437,9.13,코미디,프랭크코라치,아담샌들러,스티브코렌각본,0,0
트윈스터즈,137358,9.13,다큐멘터리,사만다푸터먼,사만다푸터먼,사만다푸터먼각본,53,20
히트,17327,9.12,범죄,마이클만,알파치노,마이클만각본,52,20
짱구는못말려극장판:태풍을부르는노래하는엉덩이폭탄!,66724,9.12,가족,무토유지,야지마아키코,야스미테츠오각본,0,0
아버지의이름으로,16091,9.12,드라마,짐쉐리단,다니엘데이루이스,테리조지각본,0,0
겨울왕국,100931,9.12,애니메이션,크리스벅,크리스틴벨,쉐인모리스각본,38,30
클리프행어,14152,9.12,액션,레니할린,실베스터스탤론,마이클프랜스각본,0,0
늑대아이,93005,9.12,애니메이션,호소다마모루,미야자키아오이,호소다마모루각본,36,20
미션임파서블:폴아웃,154222,9.12,액션,크리스토퍼맥쿼리,톰크루즈,크리스토퍼맥쿼리각본,35,20
뱀파이어와의인터뷰,17254,9.12,공포,닐조던,톰크루즈,앤라이스각본,0,0
이집트왕자,19527,9.12,애니메이션,브렌다채프먼,산드라블록,페니핀클먼콕스제작,0,0
스피드,16503,9.12,액션,쟝드봉,키아누리브스,그레이엄요스트각본,0,0
철가방우수氏,88473,9.12,드라마,윤학렬,최수종,윤학렬각본,0,0
짱구는못말려극장판:정면승부!로봇아빠의역습,120788,9.12,애니메이션,타카하시와타루,야지마아키코,나카시마카즈키각본,59,30
블랙호크다운,33410,9.12,전쟁,리들리스콧,조쉬하트넷,켄놀런각본,0,0
호로비츠를위하여,56083,9.12,드라마,권형진,엄정화,김민숙각본,0,0
이터널선샤인,38444,9.12,멜로/로맨스,미셸공드리,짐캐리,찰리카우프만각본,61,20
빽투더퓨쳐3,10004,9.12,SF,로버트저메키스,마이클J.폭스,밥게일각본,0,0
아는여자,37888,9.12,코미디,장진,정재영,장진각본,0,0
에이리언,10037,9.12,공포,리들리스콧,톰스커릿,댄오배넌각본,75,30
써니,76016,9.11,코미디,강형철,유호정,강형철각본,0,0
킹오브프리즘프라이드더히어로,164290,9.11,애니메이션,히시다마사카즈,남도형,None,57,20
점박이한반도의공룡2:새로운낙원,180379,9.11,애니메이션,한상호,박희순,한상호각본,64,30
드래곤볼슈퍼:브로리,180687,9.11,애니메이션,나가미네타츠야,노자와마사코,토리야마아키라각본,48,20
인터스텔라,45290,9.11,SF,크리스토퍼놀란,매튜맥커너히,조나단놀란각본,50,20
오즈의마법사,10448,9.11,가족,빅터플레밍,주디갈랜드,노엘랭글리각본,100,30
나이브스아웃,189000,9.11,미스터리,라이언존슨,다니엘크레이그,라이언존슨각본,46,20
피터팬,37880,9.11,가족,P.J.호건,제이슨아이삭스,피제이호건각본,0,0
분노의질주:더세븐,109905,9.11,액션,제임스완,빈디젤,크리스모건각본,54,20
스탠바이미,10282,9.11,드라마,로브라이너,윌휘튼,레이놀드기디온각본,0,0
파이란,31475,9.11,멜로/로맨스,송해성,최민식,안상훈각본,75,30
스틸라이프,113132,9.11,드라마,우베르토파솔리니,에디마산,우베르토파솔리니각본,56,20
스타워즈에피소드3-시스의복수,30301,9.11,SF,조지루카스,이완맥그리거,조지루카스각본,0,0
우드잡,123688,9.11,코미디,야구치시노부,소메타니쇼타,야구치시노부각본,75,20
전투왕,213624,9.11,다큐멘터리,이상호,이한열,김선희프로듀서,55,40
노팅힐,24830,9.11,멜로/로맨스,로저미첼,줄리아로버츠,리차드커티스각본,49,20
노킹온헤븐스도어,18871,9.11,액션,토머스얀,틸슈바이거,토머스얀각본,50,20
무간도,36565,9.11,범죄,맥조휘,양조위,맥조휘각본,100,20
용서받지못한자,11502,9.1,서부,클린트이스트우드,클린트이스트우드,데이비드피플즈각본,0,0
뮬란,19128,9.1,애니메이션,토니밴크로프트,밍나웬,유제니아보스트윅싱어각본,0,0
싸이코,10050,9.1,공포,알프레드히치콕,안소니퍼킨스,조셉스테파노각본,50,20
하치이야기,34497,9.1,가족,코야마세이지로,하루카와마스미,신도카네토각본,0,0
빅히어로,109911,9.1,애니메이션,돈홀,다니엘헤니,돈홀각본,51,30
다키스트아워,150687,9.1,드라마,조라이트,게리올드만,안토니맥카튼각본,36,20
하울의움직이는성,39640,9.1,애니메이션,미야자키하야오,바이쇼치에코,미야자키하야오각본,45,20
증인,177374,9.1,드라마,이한,정우성,문지원각본,40,20
카시오페아,208772,9.1,드라마,신연식,안성기,신연식각본,39,30
저수지게임,162824,9.1,스릴러,최진성,주진우,김보람프로듀서,45,30
미쓰백,155356,9.1,드라마,이지원,한지민,이지원각본,61,20
보물성,32115,9.1,SF,론클레멘츠,로스코리브라운,롭에드워즈각본,0,0
조블랙의사랑,19517,9.1,판타지,마틴브레스트,브래드피트,론오스본각본,0,0
파도가지나간자리,125417,9.1,드라마,데릭시엔프랜스,마이클패스벤더,데릭시엔프랜스각본,46,20
콘에어,18173,9.1,액션,사이먼웨스트,니콜라스케이지,스콧로젠버그각본,0,0
7인의사무라이,10609,9.1,액션,구로사와아키라,미후네도시로,구로사와아키라각본,0,0
웨딩드레스,53158,9.1,드라마,권형진,송윤아,유영아각본,0,0
러브오브시베리아,24668,9.09,드라마,니키타미할코프,줄리아오몬드,루스탐이브라김베코브각본,0,0
글루미선데이,14802,9.09,드라마,롤프슈벨,조아킴크롤,롤프슈벨각본,51,20
라야와마지막드래곤,184518,9.09,애니메이션,돈홀,켈리마리트란,아델림각본,39,40
스타워즈에피소드5-제국의역습,10006,9.09,SF,어빈케쉬너,마크해밀,레이브래킷각본,0,0
버킷리스트:죽기전에꼭하고싶은것들,69102,9.09,모험,로브라이너,잭니콜슨,저스틴잭햄각본,0,0
용서받지못한자,44111,9.09,드라마,윤종빈,하정우,윤종빈각본,0,0
피아니스트세이모어의뉴욕소네트,129802,9.09,다큐멘터리,에단호크,세이모어번스타인,None,39,20
피의연대기,164104,9.09,다큐멘터리,김보람,여경주,오희정프로듀서,63,20
시스터액트2,16172,9.09,코미디,빌듀크,우피골드버그,제임스오르각본,0,0
내일을향해쏴라,10019,9.09,서부,조지로이힐,폴뉴먼,윌리엄골드먼각본,0,0
언포기버블,210807,9.09,드라마,노라핑스체이트,산드라블록,None,54,30
극장판쿠로코의농구라스트게임,156185,9.09,애니메이션,타다슌스케,오노켄쇼,None,55,20
추격자,68695,9.09,범죄,나홍진,김윤석,나홍진각본,0,0
탄생,209280,9.09,드라마,박흥식,윤시윤,박흥식각본,39,30
패치아담스,24094,9.09,코미디,톰새디악,로빈윌리엄스,스티브오데커크각본,0,0
정무문,10181,9.09,액션,나유,이소룡,나유각본,0,0
아나스타샤,18531,9.09,애니메이션,돈블루스,멕라이언,에릭터치만각본,0,0
샤인,17970,9.09,드라마,스콧힉스,제프리러쉬,잔사디각본,61,20
티벳에서의7년,18865,9.09,드라마,장자크아노,브래드피트,벡키존스톤각본,0,0
첩혈쌍웅,10113,9.09,액션,오우삼,주윤발,오우삼각본,75,40
호텔르완다,39813,9.08,드라마,테리조지,돈치들,키어피어슨각본,0,0
공범자들,165461,9.08,다큐멘터리,최승호,이명박,정재홍각본,29,20
밀리언달러베이비,39809,9.08,드라마,클린트이스트우드,클린트이스트우드,폴해기스각본,57,20
마이걸,16868,9.08,드라마,하워드지프,댄애크로이드,로리스엘레워니각본,0,0
인사이드아웃,115622,9.08,애니메이션,피트닥터,에이미포엘러,마이클안트각본,39,30
아바타,62266,9.08,SF,제임스카메론,샘워싱턴,제임스카메론각본,44,20
너는내운명,39654,9.08,멜로/로맨스,박진표,전도연,박진표각본,0,0
에린브로코비치,29102,9.07,드라마,스티븐소더버그,줄리아로버츠,수잔나그랜트각본,0,0
스윗프랑세즈,103331,9.07,드라마,사울딥,미셸윌리엄스,맷차먼각본,41,20
로건,117787,9.07,액션,제임스맨골드,휴잭맨,제임스맨골드각본,59,20
얼라이브,13480,9.07,드라마,프랭크마샬,에단호크,존패트릭샌리각본,0,0
송가인더드라마,202381,9.07,공연실황,이태슬,송가인,None,100,40
피케이:별에서온얼간이,133402,9.07,코미디,라지쿠마르히라니,아미르칸,라지쿠마르히라니각본,41,20
젝스키스에이틴,172006,9.07,다큐멘터리,은지원,전체관람가,오윤동프로듀서,0,0
에반게리온:파,54973,9.07,애니메이션,안노히데아키,오가타메구미,안노히데아키각본,0,0
이프온리,39440,9.07,멜로/로맨스,길정거,제니퍼러브휴잇,크리스티나웰쉬각본,69,20
이연걸의정무문,17265,9.07,액션,진가상,이연걸,진가상각본,0,0
책상서랍속의동화,27245,9.07,드라마,장예모,전체관람가,후영촬영,0,0
노트북,38899,9.07,멜로/로맨스,닉카사베츠,라이언고슬링,잔사디각본,68,20
록키2,10022,9.07,액션,실베스터스탤론,실베스터스탤론,실베스터스탤론각본,0,0
어린의뢰인,180169,9.07,드라마,장규성,이동휘,민경은각본,44,20
내깡패같은애인,70910,9.06,코미디,김광식,박중훈,김광식각본,0,0
업그레이드,174626,9.06,액션,리워넬,로건마샬그린,리워넬각본,0,0
아이덴티티,36992,9.06,드라마,제임스맨골드,존쿠삭,마이클쿠니각본,0,0
캐리비안의해적-블랙펄의저주,37148,9.06,판타지,고어버빈스키,조니뎁,테드엘리엇각본,0,0
크루즈패밀리:뉴에이지,107992,9.06,애니메이션,조엘크로포드,엠마스톤,단헤이지맨각본,42,30
배트맨2,14012,9.06,액션,팀버튼,마이클키튼,다니엘워터스각본,0,0
블랙,68567,9.06,드라마,산제이릴라반살리,라니무케르지,산제이릴라반살리각본,50,20
명탐정코난:침묵의15분,85094,9.06,애니메이션,시즈노코분,타카야마미나미,코우치카즈나리각본,0,0
인디아나존스-최후의성전,10035,9.06,모험,스티븐스필버그,해리슨포드,제프리보엄각본,0,0
당신이잠든사이에,17260,9.06,멜로/로맨스,존터틀타웁,산드라블록,조로스제작,0,0
바그다드카페:디렉터스컷,16601,9.06,코미디,퍼시애들론,마리안느세이지브레트,엘레오노르애들론각본,37,20
꽃다발같은사랑을했다,200896,9.06,멜로/로맨스,도이노부히로,아리무라카스미,사카모토유지각본,43,20
하치이야기,53881,9.06,가족,라세할스트롬,리차드기어,스티븐린지각본,0,0
리얼스틸,76460,9.06,액션,숀레비,휴잭맨,레슬리보헴각본,0,0
누들,45264,9.05,드라마,아일레트메나헤미,밀리아비탈,쉐미자르힌각본,0,0
댄서,153621,9.05,다큐멘터리,스티븐캔터,세르게이폴루닌,None,41,20
아마겟돈,19147,9.05,SF,마이클베이,브루스윌리스,조나단헨슬레이각본,0,0
7월4일생,10630,9.05,전쟁,올리버스톤,톰크루즈,올리버스톤각본,0,0
식스센스,25906,9.05,드라마,M.나이트샤말란,브루스윌리스,나이트샤말란각본,0,0
세븐데이즈,60753,9.05,범죄,원신연,김윤진,윤재구각본,0,0
쓰리세컨즈,184403,9.05,드라마,안톤메게르디체브,블라디미르마쉬코프,니콜라이쿨리코프각본,70,20
다이하드3,17092,9.05,액션,존맥티어난,브루스윌리스,조나단헨슬레이각본,0,0
경찰서를털어라,26677,9.05,코미디,레스메이필드,마틴로렌스,마이클베리각본,0,0
아홉살인생,37759,9.05,드라마,윤인호,김석,이만희각본,0,0
도신-정전자,26112,9.05,액션,왕정,주윤발,왕정각본,0,0
극장판짱구는못말려:신혼여행허리케인~사라진아빠!,183772,9.05,애니메이션,하시모토마사카즈,박영남,우에노키미코각본,36,30
명탐정코난:제로의집행인,173019,9.05,애니메이션,타치카와유즈루,타카야마미나미,사쿠라이다케하루각본,33,20
브루스올마이티,36858,9.05,코미디,톰새디악,짐캐리,스티브코렌각본,0,0
서프러제트,122131,9.05,드라마,사라가브론,캐리멀리건,아비모건각본,67,20
"제자,옥한흠",129764,9.05,다큐멘터리,김상철,권오중,김상철구성,34,20
올드보이,36944,9.05,드라마,박찬욱,최민식,황조윤각본,55,20
불멸의연인,17524,9.05,드라마,버나드로즈,게리올드만,버나드로즈각본,0,0
메리크리스마스,56414,9.05,전쟁,크리스티앙카리옹,다이앤크루거,크리스찬카리온각본,0,0
하모니,53034,9.05,드라마,강대규,김윤진,이승연각본,0,0
월플라워,83213,9.04,드라마,스티븐크보스키,엠마왓슨,스티븐크보스키각본,0,0
구니스,10040,9.04,모험,리처드도너,숀애스틴,크리스콜럼버스각본,0,0
가디언,62263,9.04,액션,앤드루데이비스,애쉬튼커처,론브링커호프각본,0,0
왕의남자,39894,9.04,드라마,이준익,감우성,최석환각본,100,20
십계,10064,9.04,드라마,세실B.데밀,찰톤헤스톤,애니스맥켄지각본,0,0
레이,39434,9.04,드라마,테일러핵포드,제이미폭스,제임스화이트각본,0,0
물랑루즈,31882,9.04,뮤지컬,바즈루어만,니콜키드먼,바즈루어만각본,69,20
볼트,47411,9.04,모험,바이론하워드,존트라볼타,댄포겔맨각본,0,0
"알로,슈티",47321,9.04,코미디,대니분,카드므라드,대니분각본,56,20
내부자들:디오리지널,147001,9.04,범죄,우민호,이병헌,우민호각본,48,20
GROW:인피니트의리얼청춘라이프,129781,9.04,대한민국,김진수,인피니트,None,42,10
나는고양이로소이다,140653,9.04,다큐멘터리,조은성,김하연,조은성구성,47,20
엑스맨:퍼스트클래스,76347,9.04,SF,매튜본,제임스맥어보이,애슐리밀러각본,0,0
터보,97826,9.04,애니메이션,데이빗소렌,라이언레이놀즈,대런렘크각본,0,0
비긴어게인,96379,9.04,드라마,존카니,키이라나이틀리,존카니각본,60,20
콜드마운틴,30076,9.04,드라마,안소니밍겔라,주드로,안소니밍겔라각본,0,0
호텔뭄바이,165022,9.04,범죄,안소니마라스,데브파텔,존콜리각본,42,20
퍼펙트월드,16208,9.04,드라마,클린트이스트우드,케빈코스트너,존리행콕각본,67,20
인디아나존스,10034,9.04,모험,스티븐스필버그,해리슨포드,윌러드휴익각본,0,0
세상을바꾼변호인,137865,9.04,드라마,미미레더,펠리시티존스,다니엘스티플만각본,60,20
굿바이,50724,9.03,드라마,타키타요지로,모토키마사히로,코야마쿤도각본,56,30
타샤튜더,177335,9.03,다큐멘터리,마츠타니미츠에,타샤튜더,None,33,30
크로싱,46494,9.03,드라마,김태균,차인표,이유진각본,0,0
케이팩스,33755,9.03,SF,이안소프틀리,케빈스페이시,찰스리빗각본,0,0
극장판도라에몽:신진구의버스오브재팬,141675,9.03,애니메이션,야쿠와신노스케,채민지,야쿠와신노스케각본,59,30
세컨핸드라이온스,37398,9.03,드라마,팀맥칸라이즈,마이클케인,팀맥칸라이즈각본,0,0
택시운전사,146469,9.03,드라마,장훈,송강호,엄유나각본,45,20
온워드:단하루의기적,187351,9.03,판타지,댄스캔론,톰홀랜드,댄스캔론각본,39,20
서칭포슈가맨,91101,9.03,다큐멘터리,말릭벤젤룰,말릭벤젤룰,말릭벤젤룰각본,50,20
타오르는여인의초상,185282,9.03,드라마,셀린시아마,아델에넬,셀린시아마각본,60,20
스즈미야하루히의소실,74205,9.03,애니메이션,이시하라타츠야,스기타토모카즈,시모후미히코각본,0,0
더티댄싱,10242,9.03,멜로/로맨스,에밀아돌리노,패트릭스웨이지,엘리노버그스타인각본,0,0
캡틴필립스,97696,9.03,드라마,폴그린그래스,톰행크스,빌리레이각본,0,0
인생후르츠,179694,9.03,다큐멘터리,후시하라켄시,키키키린,None,35,50
싱스트리트,146560,9.03,드라마,존카니,페리다월시-필로,존카니각본,64,20
동감,29756,9.03,멜로/로맨스,김정권,김하늘,장진각본,67,20
말레나,31231,9.03,드라마,쥬세페토르나토레,모니카벨루치,쥬세페토르나토레각본,0,0
에너미앳더게이트,31778,9.03,전쟁,장자크아노,조셉파인즈,알레인고다드각본,0,0
결혼이야기,188056,9.03,코미디,노아바움백,스칼릿조핸슨,노아바움백각본,42,20
성원,27899,9.03,멜로/로맨스,마초성,임현제,나지량각본,0,0
하이큐!!승자와패자,155963,9.02,애니메이션,미츠나카스스무,무라세아유무,None,37,20
다크나이트라이즈,72054,9.02,액션,크리스토퍼놀란,크리스찬베일,밥케인각본,50,30
블루라군,10751,9.02,멜로/로맨스,랜달크레이저,브룩쉴즈,더글라스데이스튜어트각본,0,0
고양이춤,83883,9.02,다큐멘터리,윤기형,이용한,이용한각본,0,0
러시:더라이벌,96372,9.02,액션,론하워드,크리스헴스워스,피터모건각본,0,0
진용,11141,9.02,모험,정소동,장이머우,이벽화각본,0,0
양들의침묵,10504,9.02,범죄,조나단드미,조디포스터,테드탤리각본,0,0
슈퍼스타감사용,37929,9.02,드라마,김종현,이범수,김종현각본,0,0
미스비헤이비어,192623,9.02,드라마,필립파로소프,키이라나이틀리,레베카프라이언각본,58,20
토이스토리4,101966,9.02,애니메이션,조시쿨리,톰행크스,윌맥코맥각본,41,20
론서바이버,92069,9.02,액션,피터버그,마크월버그,피터버그각본,53,20
영구와땡칠이,10828,9.02,코미디,남기남,심형래,장덕균각본,0,0
쿵푸팬더,62262,9.02,애니메이션,마크오스본,잭블랙,조나단에이벨각본,0,0
빅뱅메이드,149511,9.02,다큐멘터리,변진호,G-DRAGON,서민지온라인마케팅,0,0
로마,178097,9.02,드라마,알폰소쿠아론,얄리차아파리시오,알폰소쿠아론각본,36,20
파리넬리,17521,9.02,드라마,제라르코르비오,스테파노디오니시,마르셸브루각본,0,0
산이울다,143357,9.02,드라마,래리양,량예팅,패트릭머기아촬영,30,20
미져리,10489,9.02,스릴러,로브라이너,제임스칸,윌리엄골드먼각본,0,0
연평해전,102272,9.02,드라마,김학순,김무열,김학순각본,55,20
빅피쉬,37936,9.02,드라마,팀버튼,이완맥그리거,존오거스트각본,50,20
국제시장,102875,9.02,드라마,윤제균,황정민,박수진각본,40,20
청설,71760,9.02,멜로/로맨스,청펀펀,펑위옌,청펀펀정분분각본,55,20
인사이드잡,75508,9.02,다큐멘터리,찰스퍼거슨,맷데이먼,채드벡각본,0,0
마다가스카3:이번엔서커스다!,86381,9.02,애니메이션,에릭다넬,벤스틸러,노아바움백각본,0,0
원피스극장판제트,98403,9.01,애니메이션,나가미네타츠야,타나카마유미,스즈키오사무각본,0,0
마이시스터즈키퍼,52528,9.01,드라마,닉카사베츠,카메론디아즈,제레미레벤각본,0,0
브이포벤데타,43208,9.01,액션,제임스맥티그,나탈리포트만,릴리워쇼스키각본,44,20
"그시절,우리가좋아했던소녀",88669,9.01,멜로/로맨스,구파도,가진동,구파도각본,52,20
어네스트와셀레스틴,95767,9.01,애니메이션,벵상파타,램버트윌슨,다니엘페낙각본,39,20
영웅,184509,9.01,드라마,윤제균,정성화,None,33,30
독수리에디,136876,9.01,드라마,덱스터플레처,태런에저튼,사이먼켈튼각본,53,20
레인맨,10238,9.01,드라마,배리레빈슨,더스틴호프만,로널드바스각본,0,0
끝까지간다,109778,9.01,범죄,김성훈,이선균,김성훈각본,59,20
고스트메신저극장판,120076,9.01,애니메이션,구봉회,은정,None,57,20
말하는건축가,88793,9.01,다큐멘터리,정재은,정기용,장원석공동제작,50,10
명탐정코난:칠흑의추적자,52504,9.01,애니메이션,야마모토야스이치로,타카야마미나미,코우치카즈나리각본,0,0
베테랑,115977,9.01,액션,류승완,황정민,류승완각본,48,20
드래곤볼슈퍼:슈퍼히어로,217038,9.01,애니메이션,코다마테츠로,노자와마사코,None,45,30
루카,202903,9.01,애니메이션,엔리코카사로사,제이콥트렘블레이,제시앤드류스각본,39,30
룸,130989,9.01,드라마,레니에이브러햄슨,브리라슨,엠마도노휴각본,51,20
선생김봉두,36727,9.01,코미디,장규성,차승원,장규성각본,0,0
마녀배달부키키,18050,9.01,애니메이션,미야자키하야오,타카야마미나미,미야자키하야오각본,46,20
홈,168693,9.01,드라마,김종우,이효제,김종우각본,35,30
어거스트러쉬,66158,9.0,드라마,커스틴쉐리단,프레디하이모어,닉캐슬각본,43,20
스타워즈에피소드4-새로운희망,10005,9.0,SF,조지루카스,마크해밀,조지루카스각본,0,0
인턴,118917,9.0,코미디,낸시마이어스,앤해서웨이,낸시마이어스각본,61,20
박하사탕,27219,9.0,드라마,이창동,설경구,이창동각본,45,30
변호인,101901,9.0,드라마,양우석,송강호,양우석각본,44,20
K-19위도우메이커,31906,9.0,드라마,캐서린비글로우,해리슨포드,크리스토퍼카일각본,0,0
개를훔치는완벽한방법,112040,9.0,드라마,김성호,이레,김성호각본,35,20
코알라,93749,9.0,드라마,김주환,박영서,김주환각본,100,20
사랑의선물,182699,9.0,드라마,김규민,문영동,김규민각본,35,40
수상한그녀,107924,9.0,코미디,황동혁,심은경,신동익각본,50,20
파이브피트,181912,9.0,드라마,저스틴밸도니,헤일리루리차드슨,미키도트리각본,52,20
툴리,154653,9.0,드라마,제이슨라이트맨,샤를리즈테론,디아블로코디각본,43,30
더파더,191920,9.0,드라마,플로리안젤러,안소니홉킨스,크리스토퍼햄튼각본,38,30
씨인사이드,39810,9.0,드라마,알레한드로아메나바르,하비에르바르뎀,알레한드로아메나바르각본,0,0
스타워즈에피소드6-제다이의귀환,10007,9.0,SF,리차드마퀀드,마크해밀,조지루카스각본,0,0
원스어폰어타임인아메리카,10970,9.0,액션,세르지오레오네,로버트드니로,레오나르도벤베누티각본,39,20
"안녕,나의소울메이트",156912,9.0,드라마,증국상,주동우,람윙섬각본,65,20
메리와맥스,53441,9.0,애니메이션,애덤엘리어트,토니콜렛,애덤엘리어트각본,0,0
내마음의풍금,23859,9.0,드라마,이영재,이병헌,제윤신각본,0,0
미션임파서블,17626,9.0,액션,브라이언드팔마,톰크루즈,브루스겔러각본,0,0
휘트니,174659,9.0,드라마,캐빈맥도널드,휘트니휴스턴,캐빈맥도널드각본,40,30
새미의어드벤쳐,70427,9.0,애니메이션,벤스타센,멜라니그리피스,도모닉파리각본,0,0
연애소설,34362,9.0,멜로/로맨스,이한,차태현,이한각본,0,0
내부자들,121788,8.99,범죄,우민호,이병헌,우민호각본,54,20
델마와루이스,10262,8.99,드라마,리들리스콧,수잔서랜든,캘리쿠리각본,73,20
브레이크다운,18488,8.99,액션,조나단모스토우,커트러셀,조나단모스토우각본,0,0
"조제,호랑이그리고물고기들",38464,8.99,드라마,이누도잇신,츠마부키사토시,와타나베아야각본,62,20
골!,44020,8.99,드라마,대니캐논,쿠노벡커,마이크제퍼리스각본,0,0
소스코드,82428,8.99,액션,던칸존스,제이크질렌할,벤리플리각본,0,0
다이노소어어드벤처3D,100930,8.99,애니메이션,닐나이팅게일,저스틴롱,존콜리각본,0,0
마법에걸린사랑,68563,8.99,멜로/로맨스,케빈리마,줄리앤드류스,빌켈리각본,0,0
아메리칸뷰티,26679,8.99,드라마,샘멘데스,케빈스페이시,앨런볼각본,0,0
스플릿,146512,8.99,드라마,최국희,유지태,남성호프로듀서,61,20
원스,65998,8.99,드라마,존카니,글렌핸사드,존카니각본,57,20
천녀유혼3,11572,8.99,판타지,정소동,왕조현,쓰투후이줘각본,0,0
내이야기!!,144083,8.99,멜로/로맨스,카와이하야토,스즈키료헤이,노기아키코각본,0,0
벅스라이프,19516,8.99,애니메이션,존라세터,데이브폴리,돈맥케너리각본,0,0
카우보이비밥-천국의문,32911,8.99,애니메이션,와타나베신이치로,야마데라코이치,노부모토케이코각본,0,0
명탐정코난:순흑의악몽,149049,8.99,애니메이션,시즈노코분,김선혜,아오야마고쇼원작자,38,40
더헌트,95260,8.99,드라마,토마스빈터베르그,매즈미켈슨,토마스빈터베르그각본,67,50
터미널,38835,8.98,코미디,스티븐스필버그,톰행크스,사차제바시각본,0,0
보디가드,11307,8.98,멜로/로맨스,믹잭슨,케빈코스트너,로렌스캐스단각본,40,20
극장판마법소녀마도카☆마기카[전편]시작의이야기,100022,8.98,애니메이션,신보아키유키,유우키아오이,우로부치겐각본,0,0
씽,144938,8.98,뮤지컬,가스제닝스,매튜맥커너히,가스제닝스각본,57,30
레인오버미,57997,8.98,드라마,마이크바인더,아담샌들러,마이크바인더각본,0,0
불꽃슛통키,21162,8.98,액션,최기풍,이미림,조명화각본,0,0
슈퍼배드,73339,8.98,애니메이션,피에르꼬팽,스티브카렐,켄다우리오각본,0,0
울학교이티,69917,8.98,코미디,박광춘,김수로,최진원각본,0,0
디스트릭트9,64129,8.98,SF,닐블롬캠프,샬토코플리,닐블롬캠프각본,0,0
"조제,호랑이그리고물고기들",195970,8.98,애니메이션,타무라코타로,나카가와타이시,None,50,20
극장판5등분의신부,213383,8.98,애니메이션,진보마사토,마츠오카요시츠구,None,49,20
곰돌이푸다시만나행복해,168023,8.98,모험,마크포스터,이완맥그리거,알렉스로스페리각본,47,20
이별의아침에약속의꽃을장식하자,172113,8.98,애니메이션,오카다마리,이와미마나카,오카다마리각본,56,20
번지점프를하다,30796,8.98,멜로/로맨스,김대승,이병헌,고은님각본,67,20
더리더:책읽어주는남자,45298,8.98,드라마,스티븐달드리,케이트윈슬렛,베른하르트슐링크각본,59,20
시카고,36590,8.98,뮤지컬,롭마샬,르네젤위거,빌콘돈각본,67,20
카,36799,8.98,가족,존라세터,오웬윌슨,댄포겔맨각본,0,0
암살,121048,8.98,액션,최동훈,전지현,최동훈각본,47,20
종횡사해,10877,8.97,범죄,오우삼,주윤발,오우삼각본,67,30
진링의13소녀,81890,8.97,전쟁,장이머우,크리스찬베일,류항각본,0,0
김정일리아,53945,8.97,다큐멘터리,NC헤이킨,강철환,헤이킨각본,0,0
담보,183866,8.97,드라마,강대규,성동일,손주연각본,40,20
해피피트2,77117,8.97,애니메이션,조지밀러,일라이저우드,조지밀러각본,0,0
맘마미아!2,164115,8.97,뮤지컬,올파커,아만다사이프리드,리차드커티스각본,42,20
선물,31118,8.97,멜로/로맨스,오기환,이정재,박정우각본,0,0
영웅본색2,10111,8.97,액션,오우삼,석천,오우삼각본,54,30
킹콩,38097,8.97,모험,피터잭슨,나오미왓츠,피터잭슨각본,0,0
본슈프리머시,38738,8.97,모험,폴그린그래스,맷데이먼,토니길로이각본,0,0
루키,34566,8.97,드라마,존리행콕,데니스퀘이드,마이크리치각본,0,0
죠스,10029,8.97,공포,스티븐스필버그,로이샤이더,피터벤츨리각본,0,0
남매의여름밤,189623,8.97,드라마,윤단비,최정운,윤단비각본,57,20
태양의노래,61848,8.97,드라마,코이즈미노리히로,유이,반도켄지각본,78,20
어벤져스:인피니티워,136315,8.96,액션,안소니루소,로버트다우니주니어,크리스토퍼마커스각본,51,20
불가사리,10532,8.96,코미디,론언더우드,케빈베이컨,윌슨각본,0,0
배트맨비긴즈,37439,8.96,액션,크리스토퍼놀란,크리스찬베일,크리스토퍼놀란각본,39,20
오버더레인보우,33870,8.96,멜로/로맨스,안진우,이정재,조명주각본,0,0
인어공주,37739,8.96,드라마,박흥식,전도연,송혜진각본,0,0
스노우워커,39568,8.96,모험,찰스마틴스미스,배리페퍼,찰스마틴스미스각본,0,0
황혼의사무라이,39633,8.96,액션,야마다요지,사나다히로유키,야마다요지각본,0,0
마음이...,42809,8.96,가족,박은형,유승호,신동익각본,0,0
우리학교,63445,8.96,다큐멘터리,김명준,김명준,김명준각본,0,0
오만과편견,44728,8.96,드라마,조라이트,키이라나이틀리,데보라모가치각본,0,0
5일의마중,115534,8.96,드라마,장이머우,진도명,추정지각본,41,20
그것만이내세상,158180,8.96,코미디,최성현,이병헌,최성현각본,47,20
인비저블게스트,159516,8.96,범죄,오리올파울로,마리오카사스,오리올파울로각본,52,20
미션,10086,8.96,드라마,롤랑조페,로버트드니로,로버트볼트각본,33,40
극장판포켓몬스터모두의이야기,172187,8.96,애니메이션,야지마테츠오,마츠모토리카,타카하아야각본,56,30
솔드아웃,17764,8.96,액션,브라이언레반트,아놀드슈왈제네거,랜디콘필드각본,0,0
무간도3-종극무간,37488,8.96,범죄,유위강,유덕화,맥조휘각본,0,0
엣지오브투모로우,90589,8.96,액션,더그라이만,톰크루즈,단트하퍼각본,52,20
"극장판포켓몬스터베스트위시:신의속도게노세크트,뮤츠의각성",109466,8.96,애니메이션,유야마쿠니히코,오오타니이쿠에,None,43,30
미스리틀선샤인,60530,8.96,코미디,조나단데이턴,스티브카렐,마이클안트각본,0,0
흐르는강물처럼,16792,8.96,드라마,로버트레드포드,크레이그셰퍼,리차드프리덴버그각본,50,30
스타트렉다크니스,74565,8.95,액션,J.J.에이브럼스,크리스파인,알렉스커츠만각본,0,0
분노의질주:더익스트림,140731,8.95,액션,F.게리그레이,빈디젤,크리스모건각본,54,20
벤자민버튼의시간은거꾸로간다,66091,8.95,판타지,데이빗핀처,브래드피트,에릭로스각본,59,20
나의특별한형제,175366,8.95,드라마,육상효,신하균,육상효각본,51,20
거인,117061,8.95,드라마,김태용,최우식,김태용각본,63,20
시,70562,8.95,드라마,이창동,윤정희,이창동각본,50,20
윤희에게,182387,8.95,멜로/로맨스,임대형,김희애,임대형각본,57,20
라스트모히칸,11720,8.95,전쟁,마이클만,다니엘데이루이스,존볼더스톤각본,40,20
극장판사이코패스,135806,8.95,애니메이션,시오타니나오요시,하나자와카나,우로부치겐각본,55,20
매디슨카운티의다리,17255,8.95,드라마,클린트이스트우드,메릴스트립,리처드라그라브네스각본,31,30
스파이더맨,31307,8.95,액션,샘레이미,토비맥과이어,데이빗코엡각본,0,0
파인딩포레스터,31524,8.95,드라마,구스반산트,숀코네리,마이크리치각본,0,0
극장판나루토질풍전:로드투닌자,96968,8.95,애니메이션,하야토다테,타케우치준코,미야타유카각본,0,0
주먹이운다,39399,8.95,드라마,류승완,최민식,전철홍각본,0,0
피아노의숲,68498,8.95,드라마,코지마마사유키,우에토아야,호라이류타각본,50,20
극장판소드아트온라인-오디널스케일-,159408,8.95,애니메이션,이토토모히코,마츠오카요시츠구,None,52,20
대니쉬걸,51787,8.94,드라마,톰후퍼,에디레드메인,루신다콕슨각본,63,20
스윙걸즈,39524,8.94,코미디,야구치시노부,우에노주리,야구치준코각본,0,0
원초적본능,10742,8.94,미스터리,폴버호벤,마이클더글라스,조에스터하스각본,0,0
고장난론,209496,8.94,애니메이션,사라스미스,자흐갈리피아나키스,피터베인햄각본,42,20
행복을찾아서,64354,8.94,드라마,가브리엘무치노,윌스미스,스티브콘래드각본,0,0
가부와메이이야기,57278,8.94,애니메이션,스기이기사부로,나카무라시도,기무라유이치각본,100,30
가디언즈오브갤럭시VOL.2,127398,8.94,액션,제임스건,크리스프랫,제임스건각본,51,20
분노의질주:언리미티드,74632,8.94,액션,저스틴린,빈디젤,크리스모건각본,0,0
비투스,62390,8.94,드라마,프레디M.무러,브루노강쯔,피터루이지각본,0,0
앨빈과슈퍼밴드,45130,8.94,애니메이션,팀힐,제이슨리,돈라이머각본,0,0
"나는내일,어제의너와만난다",157178,8.94,멜로/로맨스,미키타카히로,후쿠시소우타,요시다토모코각본,69,20
신세계,91031,8.94,범죄,박훈정,이정재,박훈정각본,100,20
A-특공대,50598,8.94,액션,조카나한,리암니슨,조카나한각본,0,0
키즈리턴,26537,8.94,드라마,기타노다케시,안도마사노부,기타노다케시각본,53,20
이보다더좋을순없다,18878,8.94,코미디,제임스L.브룩스,잭니콜슨,마크앤드러스각본,43,30
"그날,바다",173653,8.94,다큐멘터리,김지영,정우성,김지영각본,34,30
퍼펙트게임,76048,8.94,드라마,박희곤,조승우,박희곤각본,0,0
루이스,178214,8.94,애니메이션,울프강라우엔슈타인,캘럼말로니,울프강라우엔슈타인각본,51,30
미쓰와이프,129406,8.93,코미디,강효진,엄정화,김제영각본,54,20
파니핑크,24157,8.93,코미디,도리스도리,마리아슈라더,도리스되리각본,0,0
제8요일,17802,8.93,드라마,자코반도마엘,다니엘오떼유,자코반도마엘각본,0,0
초콜릿,31456,8.93,드라마,라세할스트롬,줄리엣비노쉬,로버트넬슨야곱각본,0,0
리틀보이,129046,8.93,드라마,알레한드로몬테베르드,제이콥살바티,알레한드로몬테베르드각본,30,40
도라에몽:스탠바이미2,200052,8.93,애니메이션,야기류이치,윤아영,야마자키다카시각본,33,30
리오,76455,8.93,애니메이션,카를로스살다나,앤해서웨이,돈라이머각본,0,0
보스베이비2,191597,8.93,애니메이션,톰맥그라스,알렉볼드윈,마이클맥컬러스각본,37,30
덤보,163787,8.93,가족,팀버튼,콜린파렐,에런크러거각본,45,30
천녀유혼2,10686,8.93,판타지,정소동,장국영,유대목각본,0,0
서치,172425,8.93,드라마,아니쉬차간티,존조,아니쉬차간티각본,56,20
하녀,23525,8.93,스릴러,김기영,김진규,김기영각본,0,0
스포트라이트,129072,8.93,드라마,토마스맥카시,마크러팔로,토마스맥카시각본,54,20
"어디갔어,버나뎃",168012,8.93,코미디,리처드링클레이터,케이트블란쳇,리처드링클레이터각본,53,30
씨민과나데르의별거,83160,8.93,드라마,아쉬가르파라디,레이라하타미,아쉬가르파라디각본,100,30
아이언맨,44885,8.93,SF,존파브로,로버트다우니주니어,호크오스트비각본,0,0
우린액션배우다,68934,8.93,다큐멘터리,정병길,권귀덕,정병길각본,0,0
비밥바룰라,151254,8.93,코미디,이성재,박인환,이성재각본,64,20
초콜렛도넛,93236,8.92,드라마,트래비스파인,알란커밍,트래비스파인각본,60,20
하이큐!!끝과시작,140803,8.92,애니메이션,미츠나카스스무,무라세아유무,None,39,10
뜨거운안녕,97652,8.92,드라마,남택수,이홍기,김은영각본,0,0
게임의법칙,17143,8.92,액션,장현수,박중훈,강제규각본,0,0
소년은울지않는다,27109,8.92,드라마,킴벌리피어스,힐러리스웽크,킴벌리피어스각본,0,0
여행자,51049,8.92,드라마,우니르콩트,김새론,우니르콩트각본,0,0
존큐,33422,8.92,드라마,닉카사베츠,덴젤워싱턴,제임스컨스각본,0,0
꼬마니콜라,72393,8.92,코미디,로랑티라르,막심고다르,알랭샤바각본,0,0
러브액츄얼리,36843,8.92,멜로/로맨스,리차드커티스,휴그랜트,리차드커티스각본,67,20
투브라더스,38907,8.92,가족,장자크아노,가이피어스,알레인고다드각본,0,0
노무현입니다,162173,8.92,다큐멘터리,이창재,노무현,양희각본,35,20
람보,10055,8.92,액션,테드코체프,실베스터스탤론,마이클코졸각본,50,20
스카페이스,10330,8.92,범죄,브라이언드팔마,알파치노,올리버스톤각본,0,0
마담프루스트의비밀정원,113170,8.92,코미디,실뱅쇼메,귀욤고익스,실뱅쇼메각본,54,20
캡틴아메리카:윈터솔져,96327,8.91,액션,조루소,크리스에반스,크리스토퍼마커스각본,57,20
얼라이드,149777,8.91,서스펜스,로버트저메키스,브래드피트,스티븐나이트각본,48,20
서편제,16906,8.91,드라마,임권택,김명곤,김명곤각색,33,20
호밀밭의반항아,142683,8.91,드라마,대니스트롱,니콜라스홀트,대니스트롱각본,41,20
소림축구,33082,8.91,코미디,주성치,주성치,주성치각본,0,0
캐리비안의해적-망자의함,43678,8.91,판타지,고어버빈스키,조니뎁,테드엘리엇각본,0,0
드래곤길들이기2,76020,8.91,애니메이션,딘데블로이스,제이바루첼,딘데블로이스각본,52,30
추억의마니,127858,8.91,애니메이션,요네바야시히로마사,타카츠키사라,니와케이코각본,53,20
기쿠지로의여름,27350,8.91,코미디,기타노다케시,기타노다케시,기타노다케시각본,55,20
디어헌터,10128,8.91,전쟁,마이클치미노,로버트드니로,데릭워쉬번각본,39,30
무서운집,126389,8.91,공포,양병간,구윤희,None,48,20
앙:단팥인생이야기,139523,8.91,드라마,가와세나오미,키키키린,가와세나오미각본,40,20
원피스필름골드,146214,8.9,애니메이션,미야모토히로아키,타나카마유미,오다에이치로원작자,50,20
볼케이노,18318,8.9,액션,믹잭슨,토미리존스,제롬암스트롱각본,0,0
내니맥피2-유모와마법소동,73018,8.9,코미디,수잔나화이트,엠마톰슨,엠마톰슨각본,0,0
다이하드4.0,40133,8.9,액션,렌와이즈먼,브루스윌리스,마크봄백각본,0,0
1917,187321,8.9,드라마,샘멘데스,조지맥케이,샘멘데스각본,48,20
부러진화살,87571,8.9,드라마,정지영,안성기,한현근각본,0,0
"다만,널사랑하고있어",64080,8.9,멜로/로맨스,신조타케히코,미야자키아오이,반도켄지각본,0,0
그날본꽃의이름을우리는아직모른다,113315,8.9,애니메이션,나가이타츠유키,이리노미유,오카다마리각본,61,20
에버애프터,19473,8.9,멜로/로맨스,앤디테넌트,드류베리모어,수잔나그랜트각본,0,0
태양아래,146488,8.9,다큐멘터리,비탈리만스키,전체관람가,비탈리만스키각본,55,20
페어리테일:봉황의무녀,94194,8.9,애니메이션,후지모리마사야,히라노아야,소고마사시각본,0,0
록키발보아,62556,8.9,액션,실베스터스탤론,실베스터스탤론,실베스터스탤론각본,0,0
좋은친구들,10640,8.9,드라마,마틴스콜세지,로버트드니로,니콜라스필레기각본,0,0
미드나잇선,143416,8.9,멜로/로맨스,스콧스피어,벨라손,에릭키르스텐각본,65,20
장수상회,120125,8.9,드라마,강제규,박근형,이상현각본,48,20
바르다가사랑한얼굴들,162854,8.9,다큐멘터리,아녜스바르다,아녜스바르다,제이알각본,41,20
극장판슈타인즈게이트:부하영역의데자뷰,107748,8.9,애니메이션,와카바야시칸지,미야노마모루,하나다쥬키각본,0,0
100일동안100가지로100퍼센트행복찾기,183377,8.9,코미디,플로리안데이비드핏츠,플로리안데이비드핏츠,플로리안데이비드핏츠각본,43,20
레이더스,10033,8.9,모험,스티븐스필버그,해리슨포드,로렌스캐스단각본,0,0
그녀를믿지마세요,37838,8.9,코미디,배형준,김하늘,최희대각본,0,0
배심원들,177483,8.9,드라마,홍승완,문소리,홍승완각본,34,20
극장판유희왕더다크사이드오브디멘션즈,150117,8.9,애니메이션,쿠와바라사토시,엄상현,타카하시카즈키원작자,54,20
엘리트스쿼드2,82323,8.9,액션,호세파딜라,와그너모라,브라울리오맨토바니각본,0,0
더데이,92038,8.89,다큐멘터리,백창주,박유천,None,0,0
굿바이레닌,37409,8.89,코미디,볼프강벡커,다니엘브륄,볼프강베커각본,0,0
해리포터와비밀의방,33930,8.89,판타지,크리스콜럼버스,다니엘래드클리프,스티브클로브스각본,0,0
U-571,29146,8.89,액션,조나단모스토우,매튜맥커너히,조나단모스토우각본,0,0
극장판파워레인저:닌자포스VS트레인포스닌자인원더랜드,146944,8.89,액션,나카자와쇼지로,니시카와슌스케,시모야마켄토각본,70,30
웰컴투동막골,39405,8.89,드라마,배종,정재영,김중각본,0,0
사랑후에남겨진것들,50785,8.89,드라마,도리스도리,엘마웨퍼,도리스되리각본,50,30
노다메칸타빌레최종악장,73075,8.89,드라마,카와무라야스히로,타마키히로시,에토린각본,0,0
48미터,93094,8.89,드라마,민백두,박효주,민백두각본,0,0
극장판도라에몽:진구와철인군단날아라천사들,76560,8.88,애니메이션,테라모토유키요,미즈타와사비,시미즈히가시각본,0,0
심연,11092,8.88,액션,제임스카메론,에드해리스,제임스카메론각본,0,0
중경삼림,17059,8.88,드라마,왕가위,임청하,왕가위각본,53,20
쉬리,19500,8.88,액션,강제규,한석규,강제규각본,0,0
스파이게임,31911,8.88,액션,토니스콧,로버트레드포드,데이비드아라타각본,0,0
헬로우고스트,75401,8.88,코미디,김영탁,차태현,김영탁각본,0,0
이퀼리브리엄,36484,8.88,액션,커트위머,크리스찬베일,커트위머각본,0,0
콜오브와일드,192147,8.88,모험,크리스샌더스,해리슨포드,마이클그린각본,35,30
트루라이즈,16516,8.88,액션,제임스캐머런,아놀드슈왈제네거,제임스카메론각본,0,0
...ing,36957,8.88,멜로/로맨스,이언희,임수정,김진각본,0,0
1급기밀,149504,8.88,드라마,홍기선,김상경,안영수각본,45,20
쉬즈더맨,45719,8.88,코미디,앤디픽맨,아만다바인즈,이완레슬리각본,0,0
엑스맨:데이즈오브퓨처패스트,99714,8.88,SF,브라이언싱어,휴잭맨,존번각본,53,20
페르디난드,160491,8.88,애니메이션,카를로스살다나,존시나,로버트베어드각본,64,30
앨빈과슈퍼밴드2,70637,8.88,애니메이션,베티토마스,제이슨리,존비티각본,0,0
와일드카드,35991,8.87,액션,김유진,정진영,이만희각본,0,0
우리는동물원을샀다,76627,8.87,가족,카메론크로우,맷데이먼,엘라인브로쉬멕켄나각본,0,0
마당을나온암탉,41585,8.87,애니메이션,오성윤,문소리,김은정각본,0,0
미이라2,31271,8.87,모험,스티븐소머즈,브렌든프레이저,스티븐소머즈각본,0,0
슈렉,31579,8.87,코미디,앤드류아담슨,마이크마이어스,테드엘리엇각본,0,0
그렇게아버지가된다,103719,8.87,드라마,고레에다히로카즈,후쿠야마마사하루,고레에다히로카즈각본,52,20
아무도모른다,38546,8.87,드라마,고레에다히로카즈,야기라유야,고레에다히로카즈각본,43,20
첫잔처럼,189259,8.87,대한민국,백승환,조달환,백승환각본,0,0
복수혈전,11354,8.87,액션,이경규,이경규,이경규각본,0,0
청원,80774,8.87,드라마,산제이릴라반살리,리틱로샨,산제이릴라반살리각본,0,0
라이프오브파이,87309,8.87,모험,이안,수라즈샤르마,데이빗매기각본,75,20
팀버튼의크리스마스악몽,14584,8.87,판타지,헨리셀릭,대니엘프만,캐롤라인톰슨각본,100,30
의형제,52548,8.87,액션,장훈,송강호,장민석각본,0,0
프렌즈:몬스터섬의비밀,88495,8.87,애니메이션,야마자키다카시,이장원,야마자키다카시각본,64,30
프라이멀피어,17800,8.87,범죄,그레고리호블릿,리차드기어,앤바이더먼각본,0,0
명탐정코난:은빛날개의마술사,38615,8.87,애니메이션,야마모토야스이치로,야마구치캇페이,코우치카즈나리각본,0,0
춘희막이,138576,8.86,다큐멘터리,박혁지,김춘희,한경수제작,49,20
해리가샐리를만났을때,10250,8.86,코미디,로브라이너,빌리크리스탈,노라에프론각본,25,10
디태치먼트,82239,8.86,드라마,토니케이,애드리안브로디,칼런드각본,63,20
댄싱퀸,83268,8.86,코미디,이석훈,황정민,이석훈각본,0,0
천사의사랑,75606,8.86,드라마,칸치쿠유리,사사키노조미,우메무라야스시제작,0,0
드리머,43609,8.86,드라마,존거틴즈,커트러셀,존거틴즈각본,0,0
바닐라스카이,31913,8.86,미스터리,카메론크로우,톰크루즈,카메론크로우각본,0,0
프라미싱영우먼,191917,8.86,범죄,에머랄드펜넬,캐리멀리건,에머랄드펜넬각본,50,20
천로역정:천국을찾아서,183836,8.86,애니메이션,로버트페르난데스,존라이스데이비스,None,36,40
비포선라이즈,17773,8.86,멜로/로맨스,리처드링클레이터,에단호크,리처드링클레이터각본,66,20
굿모닝맨하탄,98276,8.86,코미디,가우리신드,스리데비,가우리신드각본,51,20
아이언맨3,70254,8.86,SF,셰인블랙,로버트다우니주니어,셰인블랙각본,0,0
프리가이,190324,8.86,액션,숀레비,라이언레이놀즈,맷리버맨각본,44,20
맨온파이어,38574,8.86,액션,토니스콧,덴젤워싱턴,브라이언헬겔랜드각본,0,0
슈퍼노바지구탈출기,96054,8.85,애니메이션,캘런브런커,브렌든프레이저,코리에드워즈각본,55,30
델타보이즈,149479,8.85,드라마,고봉수,백승환,고봉수각본,60,20
아웃포스트,195450,8.85,전쟁,로드루리,올랜도블룸,에릭존슨각본,34,20
순정,139674,8.85,드라마,이은희,도경수,한창훈각본,39,20
일일시호일,179318,8.85,드라마,오모리타츠시,키키키린,오모리타츠시각본,38,30
트레인스포팅,17967,8.85,범죄,대니보일,이완맥그리거,존호지각본,0,0
사탄의인형,11119,8.85,공포,톰홀랜드,캐서린힉스,돈만치니각본,0,0
트랜스포머,61521,8.85,SF,마이클베이,샤이아라보프,로베르토오씨각본,100,20
쿼바디스,128212,8.85,다큐멘터리,김재환,이종윤,김재환각본,45,20
내머리속의지우개,38662,8.85,멜로/로맨스,이재한,정우성,이재한각본,73,20
각설탕,43206,8.85,드라마,이환경,임수정,이환경각본,0,0
그여자작사그남자작곡,65769,8.85,멜로/로맨스,마크로렌스,드류베리모어,마크로렌스각본,0,0
스왈로우테일버터플라이,26544,8.85,드라마,이와이슌지,미카미히로시,이와이슌지각본,0,0
짱구는못말려극장판:폭풍수면!꿈꾸는세계대돌격,149050,8.85,애니메이션,다카하시와타루,야지마아키코,게키단히토리각본,55,30
나의소녀시대,142691,8.85,멜로/로맨스,프랭키첸,송운화,증영정각본,53,20
우먼인골드,127321,8.85,드라마,사이먼커티스,헬렌미렌,알렉세이케이캠벨각본,37,20
토르:라그나로크,134898,8.84,액션,타이카와이티티,크리스헴스워스,크레이그카일각본,57,20
영화는영화다,48074,8.84,액션,장훈,소지섭,김기덕각본,0,0
초록물고기,17946,8.84,드라마,이창동,한석규,이창동각본,100,20
글러브,73477,8.84,드라마,강우석,정재영,김기범각본,0,0
예스맨,45944,8.84,코미디,페이튼리드,짐캐리,대니월리스각본,0,0
짱구는못말려극장판:초시공!태풍을부르는나의신부,75217,8.84,애니메이션,시기노아키라,야지마아키코,요코테미치코각본,0,0
리틀포레스트,154449,8.84,드라마,임순례,김태리,황성구각본,59,20
극장판포켓몬스터너로정했다!,165722,8.84,모험,유야마쿠니히코,마츠모토리카,요네무라쇼지각본,58,30
"어느날,사랑이걸어왔다",72081,8.84,드라마,베노이트필립폰,루퍼트프렌드,베노이트필립폰각본,0,0
토탈리콜,10800,8.84,SF,폴버호벤,아놀드슈왈제네거,로널드셔셋각본,0,0
족벌두신문이야기,197487,8.84,다큐멘터리,김용진,12세관람가,김용진각본,33,30
파이터,71768,8.84,드라마,데이비드O.러셀,마크월버그,스콧실버각본,0,0
희극지왕,29044,8.84,코미디,주성치,12세관람가,증근창각본,0,0
여배우는오늘도,138601,8.84,드라마,문소리,문소리,구정아프로듀서,59,20
미스터트롯:더무비,197304,8.84,공연실황,전수경,임영웅,최예림마케팅홍보,37,50
무사,28214,8.84,드라마,김성수,안성기,김성수각본,0,0
지구를지켜라!,36344,8.84,SF,장준환,신하균,장준환각본,67,30
연인,10741,8.84,드라마,장자크아노,제인마치,제라르브러치각본,44,20
시티오브갓,36651,8.84,범죄,페르난도메이렐레스,알렉산드레로드리게즈,브라울리오맨토바니각본,70,20
"틱,틱...붐!",210808,8.84,드라마,린-마누엘미란다,앤드류가필드,마이런커스타인편집,49,20
믿음의승부,58538,8.84,드라마,알렉스켄드릭,알렉스켄드릭,알렉스켄드릭각본,0,0
페이스메이커,83098,8.84,드라마,김달중,김명민,이원재각색,0,0
트롤:월드투어,191633,8.84,애니메이션,월트도른,안나켄드릭,조나단에이벨각본,43,30
블랙북,61095,8.84,멜로/로맨스,폴버호벤,캐리스밴허슨,제라르드소트먼각본,0,0
라스트미션,179974,8.84,드라마,클린트이스트우드,클린트이스트우드,닉솅크각본,30,30
코요테어글리,30685,8.83,코미디,데이빗맥낼리,파이퍼페라보,지나웬콕스각본,0,0
처음만나는자유,28795,8.83,드라마,제임스맨골드,위노나라이더,제임스맨골드각본,0,0
원피스극장판:스트롱월드,49007,8.83,애니메이션,사카이무네히사,히라타히로아키,우에사카히로히코각본,0,0
매트릭스2-리로디드,31464,8.83,SF,릴리워쇼스키,키아누리브스,릴리워쇼스키각본,0,0
달콤한인생,39516,8.83,느와르,김지운,이병헌,김지운각본,67,20
라스트듀얼:최후의결투,191545,8.83,액션,리들리스콧,맷데이먼,벤애플렉각본,47,30
미션임파서블3,43153,8.83,모험,J.J.에이브럼스,톰크루즈,알렉스커츠만각본,0,0
빅풋주니어,165025,8.83,애니메이션,제레미드그루손,우정신,김규현애니메이터,64,30
엘비스,217472,8.83,드라마,바즈루어만,오스틴버틀러,캐서린마틴미술,38,20
김복동,185131,8.83,다큐멘터리,송원근,김복동,김근라각본,42,20
크레이지뷰티풀,32593,8.83,드라마,존스톡웰,커스틴던스트,필헤이각본,0,0
7번방의선물,94775,8.83,코미디,이환경,류승룡,이환경각본,0,0
잔칫날,194910,8.83,드라마,김록경,하준,김록경각본,51,20
패트리어트-늪속의여우,29378,8.83,드라마,롤랜드에머리히,멜깁슨,로버트로댓각본,0,0
"스탠바이,웬디",147388,8.82,드라마,벤르윈,다코타패닝,마이클골람코각본,59,20
다크워터스,190728,8.82,드라마,토드헤인즈,마크러팔로,매튜마이클카나한각본,39,20
작은아씨들,186613,8.82,드라마,그레타거윅,시얼샤로넌,그레타거윅각본,49,20
미라클벨리에,132991,8.82,드라마,에릭라티고,루안에머라,스타니슬라스카레드말버각본,43,20
슬럼독밀리어네어,66440,8.82,범죄,대니보일,데브파텔,사이몬뷰포이각본,62,20
에이미,136890,8.82,다큐멘터리,아시프카파디아,에이미와인하우스,제임스게이리즈제작,59,20
12몽키즈,17758,8.82,SF,테리길리암,브루스윌리스,데이비드피플즈각본,0,0
매드맥스:분노의도로,77768,8.82,액션,조지밀러,톰하디,닉라소리스각본,55,20
폴라익스프레스,38882,8.82,애니메이션,로버트저메키스,톰행크스,로버트저메키스각본,0,0
8마일,35626,8.82,드라마,커티스핸슨,에미넴,스콧실버각본,67,20
트럼보,130983,8.82,드라마,제이로치,브라이언크랜스톤,존맥나마라각본,51,20
아일랜드,39879,8.81,SF,마이클베이,이완맥그리거,알렉스커츠만각본,0,0
계춘할망,132998,8.81,드라마,창감독,윤여정,양서현각본,55,20
제5원소,18350,8.81,액션,뤽베송,브루스윌리스,뤽베송원안,0,0
메멘토,31940,8.81,범죄,크리스토퍼놀란,가이피어스,크리스토퍼놀란각본,63,20
집으로가는길,96961,8.81,드라마,방은진,전도연,윤진호각본,0,0
스파이더맨2,35071,8.81,액션,샘레이미,토비맥과이어,엘빈사전트각본,0,0
레퀴엠,31282,8.81,드라마,대런아로노프스키,엘렌버스틴,허버트셀비주니어각본,0,0
너의이름은.,150198,8.81,애니메이션,신카이마코토,카미키류노스케,신카이마코토각본,55,20
천문:하늘에묻는다,181381,8.81,대한민국,허진호,최민식,정범식각본,32,20
킹스맨:시크릿에이전트,114249,8.81,액션,매튜본,콜린퍼스,제인골드만각본,64,20
스타더스트,66144,8.81,판타지,매튜본,찰리콕스,제인골드만각본,0,0
고양이를부탁해,31607,8.81,드라마,정재은,배두나,정재은각본,48,20
더티댄싱-하바나나이트,38274,8.81,멜로/로맨스,가이퍼랜드,디에고루나,보아즈야킨각본,0,0
10분,115240,8.8,드라마,이용승,백종환,김다현각본,67,20
죽여주는여자,146508,8.8,드라마,이재용,윤여정,이재용각본,52,20
위플래쉬,119632,8.8,드라마,데이미언셔젤,마일즈텔러,데이미언셔젤각본,55,20
뽀로로극장판컴퓨터왕국대모험,143253,8.8,애니메이션,박영균,이선,이인균각본,79,30
락앤롤보트,52790,8.8,코미디,리차드커티스,필립세이모어호프만,리차드커티스각본,0,0
극장판도라에몽:진구의남극꽁꽁대모험,153279,8.8,애니메이션,다카하시아츠시,미즈타와사비,다카하시아츠시각본,54,30
스트레이트아웃오브컴턴,130957,8.8,드라마,F.게리그레이,오셔잭슨주니어,앤드리아버로프각본,61,20
두레소리,72631,8.8,드라마,조정래,김슬기,백종민각본,0,0
라이어라이어,18216,8.8,코미디,톰새디악,짐캐리,폴가이각본,0,0
말죽거리잔혹사,37245,8.8,드라마,유하,권상우,유하각본,0,0
쓰리빌보드,158610,8.8,드라마,마틴맥도나,프란시스맥도맨드,마틴맥도나각본,46,20
분노의질주:더맥시멈,91696,8.8,액션,저스틴린,빈디젤,크리스모건각본,0,0
어벤져스,72363,8.8,액션,조스웨던,로버트다우니주니어,자크펜각본,33,20
스파이,118950,8.8,코미디,폴페이그,멜리사맥카시,폴페이그각본,63,20
완득이,80866,8.8,드라마,이한,김윤석,김동우각본,0,0
부에나비스타소셜클럽,26348,8.8,다큐멘터리,빔벤더스,꼼빠이세군도,빔벤더스각본,48,20
미드웨이,186615,8.79,액션,롤랜드에머리히,에드스크레인,웨스투커각본,32,20
아멜리에,32588,8.79,코미디,장피에르주네,오드리토투,장피에르주네각본,49,20
바람의소리,70691,8.79,범죄,진국부,리빙빙,첸쿠오푸각본,0,0
극장판요괴워치:탄생의비밀이다냥!,134845,8.79,애니메이션,타카하시시게하루,박경혜,우시로신지각본,69,30
비열한거리,50932,8.79,범죄,유하,조인성,유하각본,0,0
배트맨,10253,8.79,액션,팀버튼,마이클키튼,밥케인각본,0,0
파이트클럽,27260,8.79,액션,데이빗핀처,브래드피트,짐울스각본,46,20
이미테이션게임,113348,8.79,드라마,모튼틸덤,베네딕트컴버배치,그레이엄무어각본,58,20
바스켓볼다이어리,18763,8.79,드라마,스콧칼벳,레오나르도디카프리오,브라이언골루버프각본,0,0
소공녀,159311,8.79,멜로/로맨스,전고운,이솜,전고운각본,66,20
한공주,99724,8.79,드라마,이수진,천우희,이수진각본,65,20
화양연화,28876,8.79,드라마,왕가위,장만옥,왕가위각본,49,20
브리짓존스의베이비,143456,8.79,코미디,샤론맥과이어,르네젤위거,헬렌필딩각본,57,20
미녀는괴로워,39157,8.79,코미디,김용화,주진모,김용화각본,0,0
나우이즈굿,86197,8.79,드라마,올파커,다코타패닝,올파커각본,0,0
이번일요일에,51624,8.79,드라마,켄모치사토시,윤하,켄모치사토키각본,0,0
찰리와초콜릿공장,39846,8.79,판타지,팀버튼,조니뎁,존오거스트각본,0,0
드라큐라,14397,8.79,판타지,프란시스포드코폴라,게리올드만,제임스하트각본,0,0
범죄의재구성,37853,8.79,범죄,최동훈,박신양,최동훈각본,0,0
타마코러브스토리,123433,8.79,애니메이션,야마다나오코,스자키아야,요시다레이코각본,56,20
루돌프와많이있어,153951,8.79,애니메이션,유야마쿠니히코,김율,카토요이치각본,70,30
크게될놈,159845,8.78,드라마,강지은,김해숙,김창우각본,30,30
달라스바이어스클럽,100639,8.78,드라마,장마크발레,매튜맥커너히,멜리사월랙각본,59,20
"아이,로봇",38420,8.78,SF,알렉스프로야스,윌스미스,제프빈타각본,0,0
굿다이노,109910,8.78,애니메이션,피터손,레이몬드오초아,엔리코카사로사각본,65,30
김씨표류기,44910,8.78,드라마,이해준,정재영,이해준각본,0,0
봄여름가을겨울그리고봄,36617,8.78,드라마,김기덕,오영수,김기덕각본,0,0
비포선셋,39043,8.78,드라마,리처드링클레이터,에단호크,리처드링클레이터각본,68,20
미녀와야수,136872,8.78,판타지,빌콘돈,엠마왓슨,에번스필리오토폴로스각색,51,20
메가마인드,74309,8.78,애니메이션,톰맥그라스,윌페렐,앨런스쿨크래프트각본,0,0
극장판요괴워치섀도사이드:도깨비왕의부활,170496,8.78,애니메이션,우시로신지,여민정,히노아키히로원작자,53,30
"심슨가족,더무비",65735,8.78,애니메이션,데이빗실버맨,댄카스텔라네타,제임스브룩스각본,0,0
스테이션7,165751,8.78,액션,클림시펜코,블라디미르브도비첸코프,알렉세이츄포브각본,37,30
극장판포켓몬스터DP-환영의패왕조로아크,77154,8.78,애니메이션,유야마쿠니히코,마츠모토리카,None,0,0
서태지심포니,73496,8.78,다큐멘터리,서태지,서태지,서태지제작,0,0
명탐정코난:진홍의연가,159054,8.78,애니메이션,시즈노코분,타카야마미나미,아오야마고쇼원작자,34,20
집오리와들오리의코인로커,64961,8.78,드라마,나카무라요시히로,에이타,나카무라요시히로각본,0,0
"장화,홍련",36732,8.78,공포,김지운,임수정,김지운각본,100,20
썬더와마법저택,116251,8.78,애니메이션,벤스타센,전체관람가,제임스플린각본,100,30
더포스트,159848,8.78,드라마,스티븐스필버그,메릴스트립,리즈한나각본,42,20
극장판루팡3세VS명탐정코난,119914,8.78,애니메이션,카메가키하지메,타카야마미나미,아오야마고쇼원작자,37,30
극장판도라에몽:진구의보물섬,172118,8.78,애니메이션,이마이카즈아키,윤아영,카와무라겐키각본,56,30
액트오브킬링,98280,8.77,다큐멘터리,조슈아오펜하이머,안와르콩고,조슈아오펜하이머각본,70,20
라빠르망,18285,8.77,드라마,질미무니,모니카벨루치,질미무니각본,50,20
라스베가스를떠나며,17450,8.77,멜로/로맨스,마이크피기스,니콜라스케이지,마이크피기스각본,0,0
명탐정코난:비색의탄환,203097,8.77,애니메이션,나가오카치카,12세관람가,아오야마고쇼원작자,48,20
박치기!,40032,8.77,액션,이즈츠카즈유키,시오야슌,하바라다이스케각본,0,0
패트리어트데이,149731,8.77,드라마,피터버그,마크월버그,맷차먼각본,40,20
극장판원피스스탬피드,187324,8.77,모험,오츠카타카시,타나카마유미,토미오카아츠히로각본,59,20
"나의사랑,그리스",147896,8.77,드라마,크리스토퍼파파칼리아티스,J.K.시몬스,크리스토퍼파파칼리아티스각본,35,20
아이스에이지3:공룡시대,47494,8.77,애니메이션,카를로스살다나,존레귀자모,크리스웨지책임프로듀서,0,0
출국,179139,8.77,드라마,노규엽,이범수,노규엽각본,30,50
어바웃어보이,35070,8.77,코미디,크리스웨이츠,휴그랜트,피터헤지스각본,0,0
알포인트,37261,8.77,공포,공수창,감우성,공수창각본,0,0
찬실이는복도많지,189624,8.77,드라마,김초희,강말금,김초희각본,46,20
불편한진실,60755,8.77,다큐멘터리,데이비스구겐하임,전체관람가,레슬리칠콧제작부,0,0
다음침공은어디?,142241,8.77,다큐멘터리,마이클무어,마이클무어,칼딜제작,41,20
스텝업4:레볼루션,93089,8.77,멜로/로맨스,스콧스피어,라이언구즈먼,제니메이어각본,0,0
김복남살인사건의전말,53781,8.77,스릴러,장철수,서영희,최관영각본,0,0
스파이더맨:노웨이홈,208077,8.77,액션,존왓츠,톰홀랜드,크리스맥켄나각본,44,20
혹성탈출:진화의시작,80629,8.77,액션,루퍼트와이어트,제임스프랭코,릭자파각본,0,0
에픽:숲속의전설,96325,8.77,애니메이션,크리스웨지,아만다사이프리드,톰애스틀각본,0,0
데이비드게일,36763,8.77,드라마,앨런파커,케빈스페이시,찰스랜돌프각본,0,0
박사가사랑한수식,59032,8.77,드라마,고이즈미타카시,테라오아키라,고이즈미타카시각본,0,0
내겐너무가벼운그녀,33759,8.76,멜로/로맨스,바비패럴리,기네스팰트로우,숀모이니핸각본,0,0
란도리,34598,8.76,드라마,모리준이치,쿠보즈카요스케,모리준이치각본,0,0
리즈와파랑새,172040,8.76,애니메이션,야마다나오코,타네자키아츠미,요시다레이코각본,64,20
딥임팩트,19063,8.76,SF,미미레더,로버트듀발,브루스조엘루빈각본,0,0
인어베러월드,78681,8.76,드라마,수잔비에르,미카엘페르스브렁,앤더스토마스옌센각본,0,0
극장판명탐정코난:탐정들의진혼가,48159,8.76,애니메이션,야마모토야스이치로,타카야마미나미,카시와바라히로시각본,37,30
엘프,37756,8.76,코미디,존파브로,윌페렐,데이비드베런바움각본,0,0
"가장따뜻한색,블루",98432,8.76,드라마,압델라티프케시시,아델에그자르코풀로스,압델라티프케시시각본,67,20
워크투리멤버,34225,8.76,드라마,아담쉥크만,쉐인웨스트,카렌젠슨각본,67,20
해리포터와아즈카반의죄수,35546,8.76,판타지,알폰소쿠아론,다니엘래드클리프,스티브클로브스각본,46,20
애자,51407,8.76,드라마,정기훈,최강희,정기훈각본,0,0
슈퍼배드2,92176,8.76,애니메이션,피에르꼬팽,스티브카렐,켄다우리오각본,0,0
펄프픽션,16571,8.76,범죄,쿠엔틴타란티노,존트라볼타,로저아바리각본,44,20
사랑은비가갠뒤처럼,170874,8.76,드라마,나가이아키라,고마츠나나,사카구치리코각본,50,20
아메리칸셰프,109920,8.76,코미디,존파브로,존파브로,존파브로각본,50,20
카사블랑카,10106,8.75,멜로/로맨스,마이클커티즈,험프리보가트,줄리어스엡스타인각본,43,20
여름날우리,207364,8.75,멜로/로맨스,한톈,허광한,None,41,20
도그빌,36950,8.75,드라마,라스폰트리에,니콜키드먼,라스폰트리에각본,50,20
퍼펙트블루,25749,8.75,애니메이션,곤사토시,이와오준코,무라이사다유키각본,0,0
블레이드2,31705,8.75,공포,길예르모델토로,웨슬리스나입스,데이빗고이어각본,0,0
피터래빗,154226,8.75,애니메이션,윌글럭,제임스코든,윌글럭각본,59,30
도라에몽:스탠바이미,127901,8.75,애니메이션,야마자키다카시,미즈타와사비,야마자키다카시각본,48,30
본아이덴티티,35273,8.75,액션,더그라이만,맷데이먼,토니길로이각본,0,0
사이비,96997,8.75,애니메이션,연상호,양익준,연상호각본,100,20
마이펫의이중생활2,180374,8.75,애니메이션,크리스리노드,패튼오스왈트,브라이언린치각본,44,30
공수도,185423,8.75,액션,채여준,오승훈,이원빈각본,0,0
지금만나러갑니다,168298,8.75,멜로/로맨스,이장훈,소지섭,이장훈각본,58,20
몬태나,158628,8.75,드라마,스콧쿠퍼,크리스찬베일,스콧쿠퍼각본,26,20
한산:용의출현,194196,8.75,액션,김한민,박해일,김한민각본,38,30
아홉스님,193990,8.75,드라마,윤성준,자승,오정요각본,50,30
대니콜린스,115296,8.75,드라마,댄포겔맨,알파치노,댄포겔맨각본,58,20
브링잇온,30786,8.74,코미디,페이튼리드,커스틴던스트,제시카벤딘거각본,0,0
후아유,33420,8.74,멜로/로맨스,최호,조승우,김은정각본,0,0
오페라의유령,39369,8.74,드라마,조엘슈마허,제라드버틀러,앤드류로이드웨버각본,69,20
극장판헬로카봇:옴파로스섬의비밀,181554,8.74,애니메이션,최신규,이지현,조정희각본,70,30
보이후드,118348,8.74,드라마,리처드링클레이터,엘라콜트레인,리처드링클레이터각본,59,20
다이하드2,10245,8.74,액션,레니할린,브루스윌리스,스티븐드수자각본,0,0
넛잡2,121052,8.74,애니메이션,캘런브런커,윌아넷,밥발렌각본,63,30
아기배달부스토크,144945,8.74,애니메이션,니콜라스스톨러,앤디샘버그,니콜라스스톨러각본,62,30
벌새,179307,8.74,드라마,김보라,박지후,김보라각본,55,20
미션임파서블:고스트프로토콜,53372,8.74,액션,브래드버드,톰크루즈,조시애펠바움각본,0,0
포켓몬더무비XY후파:광륜의초마신,137010,8.74,애니메이션,유야마쿠니히코,여민정,토미오카아츠히로각본,58,30
월터의상상은현실이된다,97858,8.74,모험,벤스틸러,벤스틸러,스티브콘래드각본,60,20
미션임파서블:로그네이션,95541,8.74,액션,크리스토퍼맥쿼리,톰크루즈,브루스겔러각본,39,20
안녕!유에프오,37244,8.74,멜로/로맨스,김진민,이범수,김지혜각본,0,0
현기증,11089,8.74,드라마,알프레드히치콕,제임스스튜어트,알렉코펠각본,67,20
터닝메카드W:블랙미러의부활,155484,8.74,애니메이션,홍헌표,소연,각본,68,30
고야의유령,61482,8.74,드라마,밀로스포만,하비에르바르뎀,장클로드카리에각본,0,0
네버랜드를찾아서,38338,8.74,드라마,마크포스터,조니뎁,데이빗매기각본,0,0
어드리프트:우리가함께한바다,172768,8.73,드라마,발타자르코루마쿠르,쉐일린우들리,아론칸델각본,37,20
크리스마스에기적을만날확률,38106,8.73,애니메이션,곤사토시,에모리토오루,곤사토시각본,50,10
바닷마을다이어리,132610,8.73,드라마,고레에다히로카즈,아야세하루카,고레에다히로카즈각본,45,20
리플리,28792,8.73,범죄,안소니밍겔라,맷데이먼,안소니밍겔라각본,0,0
빨간구두,39750,8.73,드라마,세르지오카스텔리토,페넬로페크루즈,세르지오카스텔리토각본,0,0
블레이드러너,10962,8.73,SF,리들리스콧,해리슨포드,햄톤팬커각본,37,20
진짜로일어날지도몰라기적,87663,8.73,드라마,고레에다히로카즈,마에다코우키,고레에다히로카즈각본,79,20
프리키프라이데이,37386,8.73,코미디,마크워터스,제이미리커티스,헤더헤치각본,0,0
봄,112042,8.73,드라마,조근현,박용우,신양중각본,46,20
콘스탄틴,39708,8.73,액션,프란시스로렌스,키아누리브스,케빈브로드빈각본,0,0
본투비블루,126078,8.73,드라마,로버트뷔드로,에단호크,로버트뷔드로각본,48,20
더페이버릿:여왕의여자,148909,8.73,드라마,요르고스란티모스,올리비아콜맨,데보라데이비스각본,45,20
탑건,10100,8.73,드라마,토니스콧,톰크루즈,짐캐쉬각본,36,20
의천도룡기,16211,8.73,액션,왕정,이연걸,왕정각본,0,0
슈퍼프렌즈,131576,8.73,애니메이션,이경호,변현우,김현중각본,65,30
보글보글스폰지밥,39676,8.73,애니메이션,스티븐힐렌버그,톰케니,데릭드라이몬각본,0,0
인피니트콘서트세컨드인베이전에볼루션더무비3D,87246,8.73,다큐멘터리,손석,인피니트,None,0,0
"메밀꽃,운수좋은날,그리고봄봄",123095,8.73,애니메이션,안재훈,장광,안재훈각본,51,20
브레이킹던part2,77566,8.73,드라마,빌콘돈,크리스틴스튜어트,스테파니메이어각본,0,0
신데렐라스토리,39150,8.73,코미디,마크로즈만,힐러리더프,리던랩각본,0,0
데이라잇,17787,8.72,드라마,롭코헨,실베스터스탤론,레슬리보헴각본,0,0
아더크리스마스,81106,8.72,애니메이션,사라스미스,빌나이,피터베인햄각본,0,0
러시아워,19394,8.72,액션,브렛레트너,성룡,짐커프각본,0,0
시라노;연애조작단,73318,8.72,멜로/로맨스,김현석,엄태웅,김현석각본,100,30
채비,162932,8.72,드라마,조영준,고두심,조영준각본,50,20
남자가사랑할때,106540,8.72,드라마,한동욱,황정민,유갑열각본,60,20
아이리시맨,154298,8.72,범죄,마틴스코세이지,로버트드니로,스티븐자일리안각본,44,20
러덜리스,109626,8.72,드라마,윌리암H.머시,빌리크루덥,제프로비슨각본,60,20
아티스트,84856,8.72,멜로/로맨스,미셀하자나비시우스,장뒤자르댕,미셀하자나비시우스각본,50,30
위로공단,130376,8.72,다큐멘터리,임흥순,신순애,유숙제작실장,58,20
언노운우먼,64170,8.72,드라마,쥬세페토르나토레,크세니야라포포트,쥬세페토르나토레각본,0,0
그을린사랑,78240,8.72,드라마,드니빌뇌브,루브나아자발,드니빌뇌브각본,67,20
버팔로66,25641,8.72,드라마,빈센트갈로,빈센트갈로,빈센트갈로각본,0,0
아모레스페로스,32126,8.72,드라마,알레한드로곤잘레스이냐리투,에밀리오에체바리아,길예르모아리아가각본,0,0
포켓몬더무비XY&Z「볼케니온:기계왕국의비밀」,152265,8.72,모험,유야마쿠니히코,이장원,토미오카아츠히로각본,58,30
스텝업,61056,8.72,드라마,앤플레쳐,채닝테이텀,듀안에들러각본,0,0
"버스,정류장",31814,8.72,드라마,이미연,김태우,이재찬각본,0,0
스트레인저댄픽션,52794,8.72,판타지,마크포스터,윌페렐,자크헬름각본,0,0
블랙스완,72058,8.72,드라마,대런아로노프스키,나탈리포트만,마크헤이만각본,75,20
"당신,거기있어줄래요",145292,8.72,판타지,홍지영,김윤석,홍지영각본,72,20
"세라비,이것이인생!",167049,8.72,코미디,올리비에르나카체,장피에르바크리,올리비에르나카체각본,42,30
닥터스트레인지,125459,8.72,액션,스콧데릭슨,베네딕트컴버배치,로버트카길각본,61,20
귀여운여인,10132,8.71,멜로/로맨스,게리마샬,리차드기어,로턴각본,0,0
모리타니안,193800,8.71,스릴러,캐빈맥도널드,베네딕트컴버배치,마이클브로너각본,37,30
신비아파트:금빛도깨비와비밀의동굴,174805,8.71,애니메이션,김병갑,조현정,김종민각본,65,30
러시아워2,31629,8.71,코미디,브렛래트너,크리스터커,제프나단슨각본,0,0
맨체스터바이더씨,137956,8.71,드라마,케네스로너건,케이시애플렉,케네스로너건각본,43,20
더시크릿하우스,152644,8.71,드라마,세르지오G.산체즈,조지맥케이,세르지오산체즈각본,0,0
"부르고뉴,와인에서찾은인생",164684,8.71,드라마,세드릭클라피쉬,피오마르마이,세드릭클라피쉬각본,38,30
히노키오,42867,8.71,드라마,아키야마타카히코,나카무라마사토시,아키야마타카히코각본,0,0
몬스터대학교,75415,8.71,애니메이션,댄스캔론,빌리크리스탈,로버트베어드각본,0,0
쿵푸팬더2,73411,8.71,애니메이션,여인영,잭블랙,조나단에이벨각본,0,0
엽문2,52757,8.71,액션,엽위신,견자단,황자환각본,0,0
미운오리새끼,88226,8.71,드라마,곽경택,김준구,곽경택각본,0,0
아메리칸스나이퍼,109984,8.71,액션,클린트이스트우드,브래들리쿠퍼,제이슨홀각본,63,20
큐브,24602,8.71,판타지,빈센조나탈리,니콜드보아,빈센조나탈리각본,0,0
워리어,74003,8.71,액션,게빈오코너,톰하디,게빈오코너각본,0,0
악마는프라다를입는다,60484,8.71,코미디,데이빗프랭클,메릴스트립,엘라인브로쉬멕켄나각본,0,0
레고무비2,125438,8.7,애니메이션,마이크미첼,크리스프랫,필로드각본,47,40
우리들의행복한시간,54411,8.7,드라마,송해성,강동원,박은영각본,0,0
공각기동대,23917,8.7,SF,오시이마모루,타나카아츠코,이토카즈노리각본,100,20
알리타:배틀엔젤,66728,8.7,액션,로버트로드리게즈,로사살라자르,제임스카메론각본,36,20
로맨틱홀리데이,64126,8.7,멜로/로맨스,낸시마이어스,카메론디아즈,낸시마이어스각본,0,0
로드무비,34447,8.7,멜로/로맨스,김인식,황정민,김재원프로듀서,0,0
13구역,39804,8.7,SF,피에르모렐,시릴라파엘리,뤽베송각본,0,0
미술관옆동물원,19505,8.7,멜로/로맨스,이정향,심은하,이정향각본,0,0
유브갓메일,23849,8.7,코미디,노라에프론,톰행크스,노라에프론각본,0,0
잉글리쉬페이션트,18003,8.7,드라마,안소니밍겔라,랄프파인즈,안소니밍겔라각본,29,20
무간도2-혼돈의시대,37487,8.7,액션,유위강,황추생,맥조휘각본,0,0
천국의아이들,88474,8.7,드라마,박흥식,유다인,조정호프로듀서,0,0
허브,48742,8.7,드라마,허인무,강혜정,허인무각본,0,0
더레슬러,50583,8.7,액션,대런아로노프스키,미키루크,로버트시겔각본,0,0
부당거래,52747,8.7,범죄,류승완,황정민,박훈정각본,0,0
해가서쪽에서뜬다면,19479,8.7,드라마,이은,임창정,김현석각본,0,0
고,33513,8.7,드라마,유키사다이사오,쿠보즈카요스케,쿠도칸쿠로각본,0,0
트롤,101904,8.7,애니메이션,마이크미첼,안나켄드릭,조나단에이벨각본,62,30
치킨런,29558,8.7,애니메이션,피터로드,멜깁슨,캐리커크패트릭각본,0,0
스타트렉:더비기닝,62789,8.7,SF,J.J.에이브럼스,크리스파인,로베르토오씨각본,0,0
업사이드,167053,8.69,코미디,닐버거,브라이언크랜스톤,존하트메어각본,60,20
쿵푸허슬,39576,8.69,코미디,주성치,주성치,곽흔각본,0,0
동사서독,11722,8.69,드라마,왕가위,장국영,왕가위각본,0,0
엘시크레토:비밀의눈동자,71546,8.69,드라마,후안호세캄파넬라,솔레다드빌라밀,후안호세캄파넬라각본,0,0
우리집,185450,8.69,드라마,윤가은,김나연,윤가은각본,56,20
겨울왕국2,136873,8.69,애니메이션,크리스벅,크리스틴벨,제니퍼리각본,35,30
딥블루씨,25676,8.69,공포,레니할린,세프론버로우스,각본,0,0
취화선,31904,8.69,드라마,임권택,최민식,김용옥각본,0,0
잠베지아:신비한나무섬의비밀,91703,8.69,애니메이션,웨인쏜리,레너드니모이,None,0,0
명탐정코난:이차원의저격수,123420,8.69,애니메이션,시즈노코분,타카야마미나미,코우치카즈나리각본,31,30
레이드2,113635,8.69,액션,가렛에반스,이코우웨이스,가렛에반스각본,0,0
데드풀2,149236,8.69,액션,데이빗레이치,라이언레이놀즈,렛리즈각본,64,20
마다가스카의펭귄,114276,8.69,애니메이션,에릭다넬,베네딕트컴버배치,존아부드각본,60,30
세자매,193328,8.69,드라마,이승원,문소리,이승원각본,27,20
데자뷰,62249,8.69,액션,토니스콧,덴젤워싱턴,빌마실리각본,0,0
웨딩싱어,19059,8.69,코미디,프랭크코라치,아담샌들러,팀헐리히각본,0,0
고지전,74315,8.69,전쟁,장훈,신하균,박상연각본,0,0
가을의전설,17173,8.69,드라마,에드워드즈윅,브래드피트,수잔쉴리데이각본,67,30
페르시아의왕자:시간의모래,67374,8.69,액션,마이크뉴웰,제이크질렌할,보아즈야킨각본,0,0
보이A,44981,8.68,범죄,존크로울리,피터뮬란,마크오로우각본,0,0
슈퍼배드3,132626,8.68,애니메이션,카일발다,스티브카렐,켄다우리오각본,49,30
야수와미녀,41350,8.68,멜로/로맨스,이계벽,류승범,황조윤각본,0,0
더라스트:나루토더무비,135342,8.68,애니메이션,코바야시츠네오,타케우치준코,키시모토마사시원작자,49,20
귀향,49302,8.68,드라마,페드로알모도바르,페넬로페크루즈,페드로알모도바르각본,75,20
쉐프,92312,8.68,코미디,다니엘코헨,장르노,다니엘코헨각본,100,20
워터보이즈,33682,8.68,코미디,야구치시노부,다케나카나오토,야구치시노부각본,0,0
파이스토리:악당상어소탕작전,100938,8.68,애니메이션,마크A.Z.디페,드레이크벨,이영기프로듀서,0,0
맨인블랙,18153,8.68,SF,베리소넨필드,토미리존스,에드솔로몬각본,0,0
극장판베르세르크:황금시대편Ⅲ-강림,93774,8.68,애니메이션,쿠보오카토시유키,이와나가히로아키,미우라켄타로원작자,0,0
레지던트이블,34514,8.68,SF,폴앤더슨,밀라요보비치,폴앤더슨각본,0,0
짱구는못말려극장판:나의이사이야기선인장대습격,137281,8.68,애니메이션,하시모토마사카즈,야지마아키코,우에노키미코각본,56,30
화이트칙스,38898,8.68,코미디,키넌아이버리웨이언스,숀웨이언스,키넌아이보리웨이언스각본,0,0
울고싶은나는고양이가면을쓴다,194321,8.68,애니메이션,사토준이치,시다미라이,None,0,0
워낭소리,50869,8.68,다큐멘터리,이충렬,최원균,이충렬구성,0,0
센스앤센서빌리티,17458,8.68,드라마,이안,엠마톰슨,엠마톰슨각본,0,0
붉은돼지,19302,8.67,애니메이션,미야자키하야오,모리야마슈이치로,미야자키하야오각본,0,0
몬스터,38083,8.67,범죄,패티젠킨스,샤를리즈테론,패티젠킨스각본,0,0
퓨리,107928,8.67,액션,데이비드에이어,브래드피트,데이비드에이어각본,53,20
보스베이비,129094,8.67,애니메이션,톰맥그라스,알렉볼드윈,마이클맥컬러스각본,42,30
김광석,151674,8.67,다큐멘터리,이상호,김광석,오주현마케팅홍보,32,30
캡틴아메리카:시빌워,122527,8.67,액션,안소니루소,크리스에반스,크리스토퍼마커스각본,59,20
플로리다프로젝트,164719,8.67,드라마,션베이커,윌렘대포,션베이커각본,56,20
크리드2,163798,8.67,액션,스티븐카플주니어,마이클B.조던,실베스터스탤론각본,45,20
건축학개론,88426,8.67,멜로/로맨스,이용주,엄태웅,이용주각본,50,20
마미,124225,8.67,드라마,자비에돌란,앤도벌,자비에돌란각본,67,20
스노든,134887,8.67,드라마,올리버스톤,조셉고든레빗,키어런피츠제럴드각본,52,20
내생애가장아름다운일주일,39818,8.67,드라마,민규동,주현,유성협각본,0,0
용의자X의헌신,51282,8.67,범죄,니시타니히로시,후쿠야마마사하루,후쿠다야스시각본,0,0
브리짓존스의일기,31565,8.67,드라마,샤론맥과이어,르네젤위거,리차드커티스각본,50,20
헤어질결심,198413,8.67,멜로/로맨스,박찬욱,박해일,정서경각본,40,20
페인티드베일,59344,8.67,멜로/로맨스,존커랜,나오미왓츠,론니스워너각본,0,0
리틀프린세스소피아:엘레나와비밀의아발로왕국,161374,8.67,애니메이션,제이미밋첼,아리엘윈터,크레이그거버각본,75,30
서유기:모험의시작,103545,8.67,코미디,주성치,서기,주성치각본,57,20
붉은10월,10519,8.67,액션,존맥티어난,숀코네리,래리퍼거슨각본,0,0
래더49,39473,8.67,액션,제이러셀,호아킨피닉스,루이스콜릭각본,0,0
유주얼서스펙트,17150,8.66,범죄,브라이언싱어,스티븐볼드윈,크리스토퍼맥쿼리각본,0,0
판타스틱Mr.폭스,70393,8.66,애니메이션,웨스앤더슨,조지클루니,웨스앤더슨각본,0,0
버니드롭,86818,8.66,드라마,다나카히로유키,마츠야마켄이치,하야시타미오각본,0,0
항거:유관순이야기,182360,8.66,드라마,조민호,고아성,조민호각본,44,20
조커,167613,8.66,스릴러,토드필립스,호아킨피닉스,토드필립스각본,52,20
홀리데이,40678,8.66,범죄,양윤호,이성재,김희재각본,0,0
내가죽기전에가장듣고싶은말,142634,8.66,코미디,마크펠링톤,셜리맥클레인,스튜어트로스핑크각본,0,0
세븐,17062,8.66,범죄,데이빗핀처,브래드피트,앤드류케빈워커각본,50,20
말리와나,48310,8.66,코미디,데이빗프랭클,오웬윌슨,돈루스각본,0,0
쿠르스크,151747,8.66,드라마,토마스빈터베르그,마티아스쇼에나에츠,로버트로댓각본,38,30
영원한여름,63379,8.66,드라마,레스티첸,장예가,레스티첸제작,0,0
"무현,두도시이야기",152183,8.66,다큐멘터리,전인환,노무현,김원명각본,37,30
배드가이즈,196047,8.66,애니메이션,피에르페리펠,샘록웰,None,36,30
아포칼립토,51579,8.66,액션,멜깁슨,루디영블러드,멜깁슨각본,0,0
투모로우,37758,8.66,액션,롤랜드에머리히,데니스퀘이드,롤랜드에머리히각본,0,0
미래를걷는소녀,47638,8.66,멜로/로맨스,코나카카즈야,카호,하야시마사토각본,0,0
하늘이보내준딸,88783,8.66,가족,A.L.비자이,치얀비크람,None,0,0
소녀X소녀,65677,8.66,드라마,박동훈,임성언,전원각본,0,0
리틀러너,41595,8.66,코미디,마이클맥고완,애덤버처,마이클맥고완각본,0,0
뽀로로극장판슈퍼썰매대모험,101242,8.66,애니메이션,박영균,이선,김은숙각본,100,30
콜레트,171533,8.66,드라마,워시웨스트모어랜드,키이라나이틀리,워시웨스트모어랜드각본,35,20
접속,18489,8.66,멜로/로맨스,장윤현,한석규,조명주각본,100,20
명탐정코난:수평선상의음모,40112,8.66,애니메이션,야마모토야스이치로,타카야마미나미,코우치카즈나리각본,0,0
늑대소년,88253,8.66,멜로/로맨스,조성희,송중기,조성희각본,0,0
69세,189373,8.65,드라마,임선애,예수정,임선애각본,48,20
잠수종과나비,66795,8.65,드라마,줄리안슈나벨,마티유아말릭,로날드하우드각본,50,20
친구,30889,8.65,범죄,곽경택,유오성,곽경택각본,0,0
어린왕자,114265,8.65,애니메이션,마크오스본,제프브리지스,이레나브릭널각본,46,30
국화꽃향기,35900,8.65,드라마,이정욱,장진영,김희재각본,0,0
와니와준하,31323,8.65,멜로/로맨스,김용균,김희선,김용균각본,100,20
코알라키드:영웅의탄생,90388,8.65,애니메이션,이경호,태민,이경호각본,0,0
도쿄타워,65290,8.65,드라마,마츠오카조지,오다기리죠,마츠오스즈키각본,0,0
줄리&줄리아,52425,8.65,드라마,노라애프론,메릴스트립,노라에프론각본,0,0
극장판도라에몽:진구의마계대모험7인의마법사,65842,8.65,모험,테라모토유키요,미즈타와사비,심포유이치각본,0,0
범죄와의전쟁:나쁜놈들전성시대,82540,8.65,범죄,윤종빈,최민식,윤종빈각본,0,0
꽃피는봄이오면,38378,8.65,멜로/로맨스,류장하,최민식,윤재근각본,0,0
워크래프트:전쟁의서막,75006,8.65,액션,던칸존스,트래비스핌멜,찰스리빗각본,54,20
더박스,202901,8.65,드라마,양정웅,찬열,양정웅각본,33,20
안나,171465,8.65,액션,뤽베송,사샤루스,뤽베송각본,44,20
브로크백마운틴,43516,8.65,드라마,이안,제이크질렌할,래리맥머트리각본,50,30
매트릭스3-레볼루션,12954,8.65,SF,릴리워쇼스키,키아누리브스,릴리워쇼스키각본,0,0
프로포즈,54565,8.65,코미디,앤플레쳐,산드라블록,피트치아렐리각본,0,0
스텝업2-더스트리트,45253,8.65,드라마,존추,브리아나에비건,토니앤존슨각본,0,0
트로이,37742,8.64,액션,볼프강페터젠,브래드피트,데이비드베니오프각본,48,20
어바웃슈미트,35175,8.64,드라마,알렉산더페인,잭니콜슨,알렉산더페인각본,0,0
썸머워즈,69951,8.64,애니메이션,호소다마모루,카미키류노스케,오쿠데라사토코각본,50,20
"지금,이대로가좋아요",69270,8.64,드라마,부지영,공효진,부지영각본,32,20
괴물,39841,8.64,모험,봉준호,송강호,봉준호각본,0,0
포미니츠,61865,8.64,드라마,크리스크라우스,모니카블리브트리우,크리스크라우스각본,0,0
송포유,98728,8.64,코미디,폴앤드류윌리엄스,테렌스스탬프,폴앤드류윌리엄스각본,0,0
펭귄-위대한모험,41590,8.64,다큐멘터리,뤽자케,샤를스베르링,뤽자케각본,0,0
로드오브워,43502,8.64,범죄,앤드류니콜,니콜라스케이지,앤드류니콜각본,0,0
아바타:물의길,74977,8.64,액션,제임스카메론,조샐다나,제임스카메론각본,39,30
수상한고객들,79439,8.64,코미디,조진모,류승범,유성협각본,0,0
토탈이클립스,17498,8.64,드라마,아그네츠카홀란드,레오나르도디카프리오,크리스토퍼햄튼각본,0,0
디아워스,31867,8.63,드라마,스티븐달드리,니콜키드먼,데이비드헤어각본,100,20
사랑은너무복잡해,51158,8.63,코미디,낸시마이어스,메릴스트립,낸시마이어스각본,0,0
걸어도걸어도,50749,8.63,가족,고레에다히로카즈,키키키린,고레에다히로카즈각본,39,20
돈룩업,192614,8.63,코미디,아담맥케이,레오나르도디카프리오,아담맥케이각본,40,20
창,18487,8.63,드라마,임권택,신은경,임권택각본,0,0
그랑블루,11290,8.63,드라마,뤽베송,장르노,뤽베송각본,60,20
날아라허동구,61701,8.63,가족,박규태,정진영,박규태각본,0,0
행복한사전,102216,8.63,드라마,이시이유야,마츠다류헤이,와타나베겐사쿠각본,46,20
패션오브크라이스트,38197,8.63,드라마,멜깁슨,제임스카비젤,베네딕트피츠제럴드각본,0,0
빠삐용,154288,8.63,범죄,마이클노어,찰리허냄,아론구지코우스키각본,45,20
페이스오브러브,100924,8.63,드라마,아리포신,아네트베닝,매튜맥더피각본,40,20
베스트오퍼,101248,8.63,범죄,쥬세페토르나토레,제프리러쉬,쥬세페토르나토레각본,52,20
안경,69024,8.63,코미디,오기가미나오코,코바야시사토미,오기가미나오코각본,100,20
우리들과경찰아저씨의700일전쟁,50218,8.63,코미디,츠카모토렌페이,이치하라하야토,후쿠다유이치각본,0,0
작전,50176,8.63,범죄,이호재,박용하,이호재각본,0,0
더플랜,162471,8.63,다큐멘터리,최진성,김어준,김어준제작총괄,46,30
국가대표2,141824,8.63,드라마,김종현,수애,정철각본,42,20
라라랜드,134963,8.63,드라마,데이미언셔젤,라이언고슬링,데이미언셔젤각본,57,20
새미의어드벤쳐2,94506,8.62,애니메이션,벤스타센,빌리웅거,도모닉파리각본,0,0
플라이,11093,8.62,공포,데이빗크로넨버그,제프골드브럼,찰스에드워드포그각본,0,0
죽어야사는여자,11810,8.62,코미디,로버트저메키스,골디혼,마틴도노반각본,0,0
레터스투줄리엣,61273,8.62,멜로/로맨스,게리위닉,아만다사이프리드,호세리베라각본,67,20
앤트맨과와스프,144330,8.62,액션,페이튼리드,폴러드,크리스맥켄나각본,49,20
킹덤오브헤븐,38908,8.62,액션,리들리스콧,올랜도블룸,윌리엄모나한각본,40,30
쿵푸팬더3,97692,8.62,애니메이션,여인영,잭블랙,조나단에이벨각본,45,30
나니아연대기-캐스피언왕자,66143,8.62,판타지,앤드류애덤슨,벤반스,스티븐맥피리각본,0,0
주먹왕랄프2:인터넷속으로,152632,8.62,애니메이션,필존스턴,존C.라일리,필존스턴각본,36,30
극장판짱구는못말려:습격!!외계인덩덩이,156477,8.62,애니메이션,하시모토마사카즈,박영남,하시모토마사카즈각본,52,30
노바디,197520,8.62,액션,일리야나이슐러,밥오덴커크,데릭콜스타드각본,48,20
퐁네프의연인들,11151,8.62,멜로/로맨스,레오까락스,줄리엣비노쉬,레오카락스각본,70,20
공주와개구리,66437,8.62,애니메이션,론클레멘츠,아니카노니로즈,론클레멘츠각본,0,0
노스컨츄리,39377,8.62,드라마,니키카로,샤를리즈테론,마이클세이트맨각본,0,0
서극의칼,18046,8.61,액션,서극,조문탁,서극각본,0,0
천국의우편배달부,71901,8.61,판타지,이형민,김재중,기타가와에리코각본,0,0
약장수,128265,8.61,드라마,조치언,김인권,조치언각본,42,30
파닥파닥,92116,8.61,애니메이션,이대희,시영준,이대희각본,0,0
완벽한타인,167638,8.61,드라마,이재규,유해진,배세영각본,52,20
명탐정코난:11번째스트라이커,92412,8.61,애니메이션,시즈노코분,타카야마미나미,코우치카즈나리각본,0,0
카트,118922,8.61,드라마,부지영,염정아,김경찬각본,39,20
해피피트,62699,8.61,가족,조지밀러,로빈윌리엄스,워렌콜맨각본,0,0
캐롤,101962,8.61,드라마,토드헤인즈,케이트블란쳇,필리스나지각본,61,20
서바이벌패밀리,159645,8.61,코미디,야구치시노부,코히나타후미요,야구치시노부각본,67,30
범죄의여왕,139701,8.61,스릴러,이요섭,박지영,이요섭각본,54,20
키싱부스2,184520,8.61,코미디,빈스마르셀로,조이킹,빈스마르셀로각본,0,0
"안녕,헤이즐",118370,8.61,드라마,조쉬분,쉐일린우들리,스콧뉴스타드터각본,63,20
진주만,31267,8.61,전쟁,마이클베이,벤애플렉,랜달웰러스각본,0,0
키스오브드래곤,31708,8.61,액션,크리스나흔,이연걸,뤽베송각본,0,0
너와파도를탈수있다면,186348,8.6,애니메이션,유아사마사아키,카타요세료타,요시다레이코각본,63,20
엑소시스트,10065,8.6,공포,윌리엄프리드킨,엘렌버스틴,윌리엄피터블래티각본,0,0
런던시계탑밑에서사랑을찾을확률,123268,8.6,코미디,벤팔머,사이먼페그,테스모리스각본,58,20
다우트,51689,8.6,드라마,존패트릭샌리,메릴스트립,존패트릭샌리각본,0,0
태풍이지나가고,146548,8.6,드라마,고레에다히로카즈,아베히로시,고레에다히로카즈각본,38,30
캐쉬백,63879,8.6,코미디,숀엘리스,숀비거스탭,숀엘리스각본,0,0
배드지니어스,163386,8.6,스릴러,나타우트폰피리야,추티몬추엥차로엔수키잉,나타우트폰피리야각본,68,20
앤트맨,92064,8.6,액션,페이튼리드,폴러드,에드가라이트각본,59,20
지구,44997,8.6,다큐멘터리,알래스테어포더길,패트릭스튜어트,데이비드아텐버러각본,0,0
모터싸이클다이어리,38551,8.6,드라마,월터살레스,가엘가르시아베르날,호세리베라각본,0,0
도화선,66598,8.6,액션,엽위신,견자단,사도금원각본,0,0
고양이의보은,37073,8.6,애니메이션,모리타히로유키,이케와키치즈루,요시다레이코각본,0,0
노예12년,90901,8.6,드라마,스티브맥퀸,치웨텔에지오포,스티브맥퀸각본,54,20
런치박스,111527,8.6,드라마,리테쉬바트라,이르판칸,리테쉬바트라각본,47,20
철도원,27255,8.59,드라마,후루하타야스오,다카쿠라켄,각본,50,20
위대한침묵,213504,8.59,다큐멘터리,송상민,12세관람가,None,40,30
내니맥피-우리유모는마법사,54435,8.59,코미디,커크존스,엠마톰슨,엠마톰슨각본,0,0
웨이백,52429,8.59,드라마,피터위어,에드해리스,키스클락각본,0,0
드림쏭,133447,8.59,애니메이션,애쉬브래넌,엄상현,애쉬브래넌각본,65,30
"색,계",61101,8.59,멜로/로맨스,이안,양조위,제임스샤머스각본,60,20
피아노,13314,8.59,드라마,제인캠피온,홀리헌터,제인캠피온각본,40,20
자전거탄소년,85606,8.59,드라마,장-피에르다르덴,세실드프랑스,장피에르다르덴각본,53,20
몬스터호텔3,169643,8.59,애니메이션,젠디타타코브스키,아담샌들러,젠디타타코브스키각본,56,30
결혼은미친짓이다,31893,8.59,드라마,유하,감우성,유하각본,0,0
극장판도라에몽진구의아프리카모험:베코와5인의탐험대,122581,8.59,애니메이션,야쿠와신노스케,미즈타와사비,시미즈히가시각본,61,30
콘스탄트가드너,43370,8.59,드라마,페르난도메이렐레스,레이프파인즈,제프리케인각본,0,0
비커밍제인,64242,8.59,멜로/로맨스,줄리언재롤드,앤해서웨이,케빈후드각본,50,30
오두막,125447,8.59,드라마,스튜어트하젤딘,샘워싱턴,존푸스코각본,40,20
몬스터콜,125401,8.59,드라마,후안안토니오바요나,루이스맥더겔,패트릭네스각본,52,20
아이스에이지,34449,8.59,애니메이션,크리스웨지,레이로마노,마이클버그각본,0,0
캡틴판타스틱,127396,8.58,드라마,맷로스,비고모텐슨,맷로스각본,55,20
프란츠,149012,8.58,드라마,프랑소와오종,피에르니네이,프랑소와오종각본,40,20
인정사정볼것없다,25578,8.58,드라마,이명세,박중훈,이명세각본,0,0
드림걸즈,61450,8.58,드라마,빌콘돈,제이미폭스,빌콘돈각본,44,30
초한지:영웅의부활,83865,8.58,액션,루추안,류예,마쳉촬영,0,0
몬스터호텔2,122596,8.58,애니메이션,젠디타타코브스키,아담샌들러,아담샌들러각본,63,30
겟썸,47359,8.58,액션,제프와드로,숀패리스,데이빗젤론제작,0,0
논스톱,98484,8.58,액션,자움콜렛세라,리암니슨,크리스토퍼로치각본,60,20
가려진시간,141259,8.58,드라마,엄태화,강동원,엄태화각본,57,20
러닝스케어드,58434,8.58,액션,웨인크라머,폴워커,웨인크라머각본,0,0
프레스티지,56058,8.58,스릴러,크리스토퍼놀란,휴잭맨,크리스토퍼놀란각본,0,0
가족의탄생,56447,8.58,드라마,김태용,문소리,성기영각본,0,0
감바의대모험,144355,8.58,애니메이션,카와무라토모히로,카지유우키,코사와료타각본,66,30
내일의기억,46153,8.58,멜로/로맨스,츠츠미유키히코,와타나베켄,스나모토하카루각본,0,0
실버라이닝플레이북,82283,8.58,코미디,데이비드O.러셀,제니퍼로렌스,데이비드러셀각본,50,30
아이필프리티,168017,8.57,코미디,에비콘,에이미슈머,에비콘각본,59,20
스내치,31066,8.57,코미디,가이리치,베니시오델토로,가이리치각본,0,0
퀼,38455,8.57,드라마,최양일,코바야시카오루,마루야마쇼이치각본,0,0
내아내의모든것,89606,8.57,멜로/로맨스,민규동,임수정,허성혜각본,0,0
데스레이스,47407,8.57,액션,폴앤더슨,제이슨스타뎀,폴앤더슨각본,0,0
카메라를멈추면안돼!,174301,8.57,공포,우에다신이치로,하마츠타카유키,우에다신이치로각본,50,20
내가고백을하면,99355,8.57,드라마,조성규,김태우,조성규각본,0,0
패딩턴,114248,8.57,코미디,폴킹,벤위쇼,폴킹각본,51,30
육사오(6/45),204640,8.57,코미디,박규태,고경표,박규태각본,36,30
소중한날의꿈,41635,8.57,애니메이션,안재훈,박신혜,송혜진각본,40,20
더이퀄라이저,109642,8.57,액션,안톤후쿠아,덴젤워싱턴,리처드웬크각본,61,20
반창꼬,91045,8.57,드라마,정기훈,고수,정기훈각본,0,0
우리생애최고의순간,65991,8.57,드라마,임순례,문소리,나현각본,0,0
드럼라인,36506,8.57,드라마,찰스스톤3세,닉캐논,티나고든치즘각본,0,0
13층,24831,8.57,판타지,조세프루스낵,크레이그비에코,조셉러스넥각본,0,0
단테스피크,18015,8.57,드라마,로저도널드슨,피어스브로스넌,레슬리보헴각본,0,0
우리개이야기,43114,8.57,가족,이누도잇신,나카무라시도,None,0,0
마이펫의이중생활,134980,8.57,애니메이션,크리스리노드,루이스C.K.,켄다우리오각본,48,30
발레리나,130984,8.57,애니메이션,에릭섬머,엘르패닝,캐롤노블각본,59,30
올드미스다이어리-극장판,57794,8.57,코미디,김석윤,예지원,박해영각본,0,0
스머프:비밀의숲,118966,8.57,애니메이션,켈리애스버리,맨디파틴킨,캐리커크패트릭각본,61,30
마음이2,73096,8.57,가족,이정철,달이,이정철각본,0,0
아이다호,10758,8.57,드라마,구스반산트,리버피닉스,구스반산트각본,0,0
백엔의사랑,131637,8.56,드라마,타케마사하루,안도사쿠라,아다치신각본,60,20
사이드웨이,39619,8.56,코미디,알렉산더페인,폴지아마티,알렉산더페인각본,0,0
컨스피러시,18429,8.56,드라마,리처드도너,멜깁슨,브라이언헬겔랜드각본,0,0
라스트베가스,94766,8.56,코미디,존터틀타웁,마이클더글라스,아담브룩스각본,64,20
나이트메어,10149,8.56,공포,웨스크레이븐,존색슨,웨스크레이븐각본,0,0
세상의모든계절,74218,8.56,드라마,마이크리,짐브로드벤트,마이크리각본,100,30
장고:분노의추적자,87311,8.56,드라마,쿠엔틴타란티노,제이미폭스,쿠엔틴타란티노각본,50,30
천년여우여우비,44044,8.56,판타지,이성강,손예진,이동주,0,0
코리아,81891,8.56,드라마,문현성,하지원,유영아각본,0,0
가디언즈오브갤럭시,97857,8.56,액션,제임스건,크리스프랫,니콜펄맨각본,55,20
눈의여왕3:눈과불의마법대결,156675,8.56,애니메이션,알렉세이트시칠린,박지윤,None,68,30
극장판포켓몬스터DP-아르세우스초극의시공으로,70118,8.55,애니메이션,유야마쿠니히코,마츠모토리카,소노다히데키각본,0,0
더폴:오디어스와환상의문,66317,8.55,모험,타셈싱,리페이스,댄길로이각본,0,0
언싱커블,72362,8.55,드라마,그레고조던,사무엘L.잭슨,피터우드워드각본,0,0
키사라기미키짱,68501,8.55,코미디,사토유이치,오구리슌,코사와료타각본,0,0
기사윌리엄,32478,8.55,액션,브라이언헬겔랜드,히스레저,브라이언헬겔랜드각본,0,0
4등,132946,8.55,드라마,정지우,박해준,정지우각본,43,20
세상에서고양이가사라진다면,150632,8.55,드라마,나가이아키라,사토타케루,오카다요시카즈각본,59,20
꿈의제인,154980,8.55,드라마,조현훈,이민지,조현훈각본,77,20
지.아이.제인,18563,8.55,드라마,리들리스콧,데미무어,데이빗토히각본,0,0
트레이닝데이,32240,8.55,액션,안톤후쿠아,덴젤워싱턴,데이비드에이어각본,0,0
공기살인,196362,8.55,드라마,조용선,김상경,조용선각본,37,20
로렉스,84034,8.55,애니메이션,크리스리노드,대니드비토,켄다우리오각본,0,0
싸이보그그녀,65902,8.55,멜로/로맨스,곽재용,아야세하루카,곽재용각본,0,0
악마는사라지지않는다,191560,8.54,범죄,안토니오캠포스,로버트패틴슨,안토니오캠포스각본,0,0
레드스패로,151744,8.54,스릴러,프란시스로렌스,제니퍼로렌스,저스틴헤이시각본,56,20
리틀디제이,47408,8.54,멜로/로맨스,나가타코토,카미키류노스케,나가타코토각본,0,0
20세기소녀,208649,8.54,드라마,방우리,김유정,None,0,0
버틀러:대통령의집사,93757,8.54,드라마,리다니엘스,포레스트휘태커,리다니엘스각본,0,0
폴라,182729,8.54,액션,조나스애커룬드,매즈미켈슨,제이슨로스웰각본,0,0
포카혼타스,17230,8.54,애니메이션,마이크가브리엘,아이린베다드,칼바인더각본,0,0
빅쇼트,136842,8.54,드라마,아담맥케이,크리스찬베일,아담맥케이각색,57,20
심야식당2,156091,8.54,드라마,마츠오카조지,코바야시카오루,None,53,20
"오늘밤,세계에서이사랑이사라진다해도",220733,8.54,멜로/로맨스,미키타카히로,미치에다슌스케,None,33,30
슈렉2,34519,8.54,애니메이션,앤드류애덤슨,마이크마이어스,앤드류아담슨각본,0,0
골드,143379,8.54,드라마,스티븐개건,매튜맥커너히,패트릭마셋각본,45,20
바다탐험대옥토넛시즌4:늪지탐험선K,149505,8.54,애니메이션,다라오코넬,하성용,스테파니심슨각본,77,30
백설공주살인사건,122602,8.54,미스터리,나카무라요시히로,이노우에마오,하야시타미오각본,50,20
몽타주,96911,8.54,스릴러,정근섭,엄정화,정근섭각본,0,0
아폴로13,17692,8.54,드라마,론하워드,톰행크스,윌리암브로일리스주니어각본,0,0
오싹한연애,78851,8.54,멜로/로맨스,황인호,손예진,황인호각본,0,0
분노,142730,8.53,스릴러,이상일,와타나베켄,이상일각본,54,20
내일을위한시간,123298,8.53,드라마,장피에르다르덴,마리옹꼬띠아르,장피에르다르덴각본,50,20
중독노래방,126961,8.53,미스터리,김상찬,이문식,박지홍각본,52,30
언페이스풀,34969,8.53,드라마,애드리안라인,리차드기어,끌로드샤브롤각본,0,0
개구쟁이스머프,65893,8.53,애니메이션,라자고스넬,닐패트릭해리스,데이빗스템각본,0,0
트래쉬,114293,8.53,모험,스티븐달드리,루니마라,리차드커티스각본,43,20
스파이더위크가의비밀,67366,8.53,판타지,마크워터스,프레디하이모어,데이비드베런바움각본,0,0
람보:라스트워,129282,8.53,액션,애드리언그런버그,실베스터스탤론,실베스터스탤론각본,29,20
윈드리버,149757,8.53,서스펜스,테일러쉐리던,제레미레너,테일러쉐리던각본,38,20
강철중:공공의적1-1,68217,8.53,범죄,강우석,설경구,장진각본,0,0
레디플레이어원,136898,8.53,액션,스티븐스필버그,마크라이런스,자크펜각본,55,20
레이디버드,158611,8.53,코미디,그레타거윅,시얼샤로넌,그레타거윅각본,60,20
더킹:헨리5세,187526,8.53,드라마,데이비드미쇼,티모시샬라메,데이비드미쇼각본,33,30
신비아파트극장판하늘도깨비대요르문간드,189046,8.53,애니메이션,변영규,조현정,김성철프로듀서,63,30
몬테크리스토백작,33048,8.52,액션,케빈레이놀즈,제임스카비젤,제이월퍼트각본,0,0
혹성탈출:반격의서막,99740,8.52,액션,맷리브스,앤디서키스,릭자파각본,46,20
덤앤더머,17025,8.52,코미디,피터패럴리,짐캐리,피터패럴리각본,0,0
아무르,92505,8.52,드라마,미카엘하네케,장-루이트린티냥,미카엘하네케각본,78,20
회복,72406,8.52,다큐멘터리,김종철,박지윤,김성권프로듀서,0,0
사우스포,81967,8.52,드라마,안톤후쿠아,제이크질렌할,커트서터각본,65,20
족구왕,103797,8.52,드라마,우문기,안재홍,김태곤각본,57,20
위아유어프렌즈,130943,8.52,드라마,맥스조셉,잭에프론,맥스조셉각본,75,20
화씨9/11,38547,8.52,다큐멘터리,마이클무어,마이클무어,마이클무어각본,0,0
맨프럼어스,48690,8.52,드라마,리처드쉔크만,존빌링슬리,제롬빅스비각본,0,0
데드맨워킹,17744,8.52,드라마,팀로빈스,수잔서랜든,팀로빈스각본,0,0
도리를찾아서,97629,8.52,애니메이션,앤드류스탠튼,엘런드제너러스,앤드류스탠튼각본,53,30
미드나잇인파리,74610,8.52,코미디,우디앨런,오웬윌슨,우디앨런각본,68,20
쩨쩨한로맨스,75724,8.52,멜로/로맨스,김정훈,이선균,김정훈각본,0,0
그녀,101950,8.52,드라마,스파이크존즈,호아킨피닉스,스파이크존즈각본,65,20
달마야놀자,31922,8.51,코미디,박철관,박신양,박규태각본,0,0
태일이,180382,8.51,애니메이션,홍준표,장동윤,심형섭각본,40,30
러브라이브!더스쿨아이돌무비,140895,8.51,애니메이션,쿄고쿠타카히코,닛타에미,None,45,20
록키호러픽쳐쇼,18933,8.51,판타지,짐셔먼,팀커리,짐셔먼각본,70,20
엽문3:최후의대결,112082,8.51,액션,엽위신,견자단,사충도촬영,0,0
재심,149512,8.51,드라마,김태윤,정우,김태윤각본,57,20
블루재스민,104331,8.51,드라마,우디앨런,케이트블란쳇,우디앨런각본,57,20
웜바디스,92047,8.51,코미디,조나단레빈,니콜라스홀트,조나단레빈각본,0,0
짱구는못말려극장판：엄청맛있어!B급음식서바이벌!,103241,8.51,애니메이션,하시모토마사카즈,야지마아키코,우스이요시토원작자,60,30
로스트인더스트,137971,8.51,범죄,데이빗맥킨지,크리스파인,테일러쉐리던각본,56,20
디아더스,33062,8.51,미스터리,알레한드로아메나바르,니콜키드먼,알레한드로아메나바르각본,100,20
훌라걸스,63483,8.51,코미디,이상일,마츠유키야스코,하바라다이스케각본,0,0
모어댄블루,179430,8.51,멜로/로맨스,임효겸,류이호,임효겸각본,68,20
"아이,토냐",154293,8.51,드라마,크레이그질레스피,마고로비,스티븐로저스각본,40,20
엘리트스쿼드,47088,8.51,범죄,호세파딜라,와그너모라,로드리고피멘텔각본,0,0
와호장룡,29712,8.51,액션,이안,주윤발,왕휘링각본,0,0
미비포유,137915,8.51,멜로/로맨스,테아샤록,에밀리아클라크,조조모예스각본,62,20
극한직업,167651,8.51,코미디,이병헌,류승룡,문충일각본,38,20
오빠생각,136686,8.51,드라마,이한,임시완,이우탁각본,49,20
파퍼씨네펭귄들,82142,8.51,코미디,마크워터스,짐캐리,숀앤더스각본,0,0
더스파이,191914,8.51,스릴러,도미닉쿡,베네딕트컴버배치,톰오코너각본,39,20
마스터앤드커맨더:위대한정복자,37686,8.51,액션,피터위어,러셀크로우,피터위어각본,0,0
더콘서트,72443,8.51,코미디,라두미하일레아누,알렉세이구스코프,라두미하일레아누각본,0,0
벨벳골드마인,25670,8.51,드라마,토드헤인즈,이완맥그리거,토드헤인즈각본,61,20
렛미인,49957,8.5,공포,토마스알프레드슨,카레헤레브란트,욘아이비데린드크비스트각본,0,0
세이프헤이븐,99799,8.5,멜로/로맨스,라세할스트롬,조쉬더하멜,데이너스티븐스각본,0,0
"우리,사랑일까요?",40208,8.5,코미디,나이젤콜,애쉬튼커쳐,콜린패트릭린치각본,0,0
침묵의목격자,109957,8.5,범죄,비행,곽부성,비행각본,100,40
보리밭을흔드는바람,49380,8.5,전쟁,켄로치,킬리언머피,폴래버티각본,60,20
아웃오브아프리카,10107,8.5,드라마,시드니폴락,로버트레드포드,커트루드키각본,100,50
세인트빈센트,118367,8.5,코미디,데오도르멜피,빌머레이,데오도르멜피각본,45,20
호빗:다섯군대전투,97816,8.5,판타지,피터잭슨,마틴프리먼,프랜월시각본,50,20
사랑할때버려야할아까운것들,37938,8.5,코미디,낸시마이어스,잭니콜슨,낸시마이어스각본,0,0
기생충,161967,8.5,드라마,봉준호,송강호,봉준호각본,42,20
레드드래곤,35733,8.5,범죄,브렛래트너,안소니홉킨스,테드탤리각본,0,0
BB프로젝트,62742,8.5,액션,진목승,성룡,성룡각본,0,0
데어윌비블러드,66034,8.49,드라마,폴토마스앤더슨,다니엘데이루이스,폴토마스앤더슨각본,62,20
영주,164102,8.49,드라마,차성덕,김향기,차성덕각본,55,20
남극의쉐프,72524,8.49,코미디,오키타슈이치,사카이마사토,오키타슈이치각본,100,30
괴물의아이,134134,8.49,애니메이션,호소다마모루,야쿠쇼코지,호소다마모루각본,52,20
매치스틱맨,36853,8.49,코미디,리들리스콧,니콜라스케이지,테드그리핀각본,0,0
데몰리션,133424,8.49,드라마,장마크발레,제이크질렌할,브라이언사이프각본,52,20
호빗:스마우그의폐허,74566,8.49,판타지,피터잭슨,마틴프리먼,필리파보엔스각본,52,20
노매드랜드,196215,8.49,드라마,클로이자오,프란시스맥도맨드,클로이자오각본,40,20
더문,53902,8.48,SF,던칸존스,샘락웰,나단파커각본,0,0
로그원:스타워즈스토리,136868,8.48,액션,가렛에드워즈,펠리시티존스,크리스웨이츠각본,34,20
뉴폴리스스토리,39479,8.48,액션,진목승,성룡,원금린각본,0,0
스탈린그라드:최후의전투,18730,8.48,전쟁,조셉빌스마이어,도미니크호위츠,조셉빌스마이어각본,0,0
아메리칸갱스터,62175,8.48,범죄,리들리스콧,덴젤워싱톤,스티븐자일리안각본,0,0
고백,76103,8.48,드라마,나카시마테츠야,마츠다카코,나카시마테츠야각본,0,0
아더와미니모이:제1탄비밀원정대의출정,62799,8.48,판타지,뤽베송,프레디하이모어,뤽베송각본,0,0
어톤먼트,68035,8.48,드라마,조라이트,키이라나이틀리,크리스토퍼햄튼각본,0,0
스틸앨리스,120759,8.48,드라마,리처드글랫저,줄리안무어,리처드글랫저각본,40,20
목소리의형태,153964,8.48,애니메이션,야마다나오코,이리노미유,요시다레이코각본,56,20
거꾸로된파테마,110125,8.48,애니메이션,요시우라야스히로,후지이유키요,요시우라야스히로각본,55,20
블랙가스펠,112666,8.48,드라마,히즈엠티미니스트리,양동근,홍윤정각본,75,20
공조2:인터내셔날,201641,8.48,액션,이석훈,현빈,임성순각본,36,30
에어로너츠,167658,8.48,드라마,톰하퍼,펠리시티존스,잭쏜각본,44,30
디스커넥트,97747,8.48,드라마,헨리알렉스루빈,알렉산더스카스가드,앤드류슈테른각본,0,0
식객,62167,8.48,드라마,전윤수,김강우,전윤수각본,0,0
엔드오브왓치,85351,8.48,범죄,데이비드에이어,제이크질렌할,데이비드에이어각본,0,0
킥애스:영웅의탄생,70992,8.48,액션,매튜본,애런존슨,제인골드만각본,0,0
아이언마스크,19078,8.47,드라마,랜달웰러스,레오나르도디카프리오,랜달웰러스각본,0,0
울프콜,189028,8.47,액션,안토닌보드리,프랑수아시빌,안토닌보드리각본,50,20
행복목욕탕,154029,8.47,드라마,나카노료타,미야자와리에,나카노료타각본,43,20
카3:새로운도전,152396,8.47,애니메이션,브라이언피,오웬윌슨,키엘머레이각본,63,30
싱글맨,51690,8.47,드라마,톰포드,콜린퍼스,톰포드각본,60,20
네버다이버터플라이,114139,8.47,드라마,장현상,신재승,장현상각본,0,0
이탈리안잡,37049,8.47,범죄,F.게리그레이,마크월버그,도나파워즈각본,0,0
바람의전설,37355,8.47,드라마,박정우,이성재,박정우각본,0,0
국경의남쪽,50278,8.47,드라마,안판석,차승원,정유경각본,0,0
내가살인범이다,78790,8.47,액션,정병길,정재영,정병길각본,0,0
당신이사랑하는동안에,38318,8.47,드라마,폴맥기건,조쉬하트넷,브랜든보이스각본,61,20
메종드히미코,44022,8.47,드라마,이누도잇신,오다기리죠,와타나베아야각본,0,0
분노의질주:더오리지널,47587,8.46,액션,저스틴린,빈디젤,게리스콧톰슨각본,0,0
아워이디엇브라더,81028,8.46,코미디,제시페레츠,폴러드,예브게니아페레츠각본,100,30
왓위민원트,30343,8.46,멜로/로맨스,낸시마이어스,멜깁슨,맷윌리엄스제작,0,0
와일드,118395,8.46,드라마,장마크발레,리즈위더스푼,닉혼비각본,36,30
고녀석맛나겠다2:함께라서행복해,126386,8.46,애니메이션,최경석,엄상현,스가요시유키각본,68,30
"극장판파워레인저다이노포스VS고버스터즈공룡대결전!~안녕,영원한친구여~",121047,8.46,액션,사카모토코이치,류세이료,산죠리쿠각본,77,30
일루셔니스트,76014,8.46,애니메이션,실뱅쇼메,장-클로드돈다,자크타티각본,67,20
"로봇,소리",136821,8.46,드라마,이호재,이성민,이소영각본,45,20
헤이트풀8,124238,8.46,서부,쿠엔틴타란티노,사무엘L.잭슨,쿠엔틴타란티노각본,48,20
옥자,143435,8.46,모험,봉준호,틸다스윈튼,봉준호각본,54,20
타락천사,17058,8.46,드라마,왕가위,막문위,왕가위각본,76,20
블랙위도우,184318,8.46,액션,케이트쇼트랜드,스칼릿조핸슨,에릭피어슨각본,44,20
광대:소리꾼,189118,8.46,드라마,조정래,이봉근,조정래각본,36,20
플루토에서아침을,56362,8.46,코미디,닐조단,킬리언머피,닐조단각본,0,0
나쁜교육,39368,8.45,멜로/로맨스,페드로알모도바르,가엘가르시아베르날,페드로알모도바르각본,67,30
앵그리버드2:독수리왕국의침공,167599,8.45,애니메이션,서럽밴오먼,제이슨서디키스,피터애커먼각본,54,30
컬러풀,76580,8.45,애니메이션,하라케이이치,토미자와카자토,모리에토원작자,0,0
럭키,140695,8.45,코미디,이계벽,유해진,장윤미각본,54,20
꽃보다남자,46874,8.45,멜로/로맨스,이시이야스하루,이노우에마오,타쿠마타카유키각본,0,0
미스페레그린과이상한아이들의집,129383,8.45,판타지,팀버튼,에바그린,제인골드만각본,58,20
언브로큰,104478,8.45,액션,안젤리나졸리,잭오코넬,조엘코엔각본,49,20
레고배트맨무비,132627,8.45,애니메이션,크리스맥케이,윌아넷,세스그레이엄스미스각본,48,30
플레이스비욘드더파인즈,84349,8.45,범죄,데릭시엔프랜스,라이언고슬링,데릭시엔프랜스각본,0,0
더와이프,167054,8.45,드라마,비욘룬게,글렌클로즈,제인앤더슨각본,37,50
폰부스,36337,8.45,미스터리,조엘슈마허,콜린파렐,래리코헨각본,0,0
문영,144578,8.45,드라마,김소연,김태리,김소연각본,79,20
로렌스애니웨이,95203,8.44,멜로/로맨스,자비에돌란,멜비푸포,자비에돌란각본,68,20
밀정,137952,8.44,액션,김지운,송강호,이지민각본,50,20
로봇,39769,8.44,애니메이션,크리스웨지,이완맥그리거,데이빗린지어베이르각본,0,0
졸업,10453,8.44,드라마,마이크니콜스,앤밴크로프트,칼더윌링햄각본,55,20
베스트오브미,118384,8.44,드라마,마이클호프만,미셸모나한,윌페터스각본,39,30
리틀프린세스소피아:신비한섬,165514,8.44,애니메이션,제이미밋첼,김미랑,레이첼루더먼각본,77,30
정글,158623,8.44,액션,그렉맥린,다니엘래드클리프,저스틴몬조각본,50,10
탐정:더비기닝,124201,8.44,코미디,김정훈,권상우,김정훈각본,53,20
젠틀맨,190720,8.44,범죄,가이리치,매튜맥커너히,가이리치각본,40,20
아쿠아마린,44449,8.44,코미디,엘리자베스앨런,사라팩스톤,존쿠인탠스각본,0,0
나비잠,168779,8.44,멜로/로맨스,정재은,나카야마미호,정재은각본,42,20
정글북,122489,8.44,모험,존파브로,닐세티,저스틴마크각본,39,30
링,28465,8.44,공포,나카타히데오,마츠시마나나코,다카하시히로시각본,0,0
명량,93756,8.44,액션,김한민,최민식,전철홍각본,43,20
위대한개츠비,88461,8.44,드라마,바즈루어만,레오나르도디카프리오,바즈루어만각본,0,0
스파이브릿지,129333,8.44,드라마,스티븐스필버그,톰행크스,맷차먼각본,55,20
노다메칸타빌레Vol.1,73074,8.44,코미디,타케우치히데키,우에노쥬리,에토린각본,0,0
7년-그들이없는언론,146526,8.43,다큐멘터리,김진혁,강지웅,김이진구성,33,40
허트로커,68945,8.43,전쟁,캐서린비글로우,제레미레너,마크볼각본,67,20
하트브레이커스,32026,8.43,코미디,데이빗미어킨,시고니위버,로버트던각본,0,0
슈퍼사이즈미,38789,8.43,다큐멘터리,모건스펄록,모건스펄록,모건스펄록각본,0,0
필라델피아,16121,8.43,드라마,조나단드미,톰행크스,론니스워너각본,0,0
"괜찮아요,미스터브래드",163832,8.43,드라마,마이크화이트,벤스틸러,마이크화이트각본,38,20
레고무비,99094,8.43,애니메이션,필로드,윌페렐,단헤이지맨각본,55,30
금발이너무해,32900,8.43,코미디,로버트루케틱,리즈위더스푼,카렌맥컬라러츠각본,0,0
매직아워,49783,8.43,코미디,미타니코키,츠마부키사토시,미타니코키각본,0,0
언터처블,10068,8.43,범죄,브라이언드팔마,케빈코스트너,데이비드마멧각본,0,0
머드,94503,8.43,드라마,제프니콜스,매튜맥커너히,제프니콜스각본,0,0
맘마미아!,66381,8.43,코미디,필리다로이드,메릴스트립,캐서린존슨각본,100,30
시카리오:데이오브솔다도,152680,8.43,액션,스테파노솔리마,조슈브롤린,테일러쉐리던각본,36,30
그녀에게,35388,8.43,드라마,페드로알모도바르,하비에카마라,페드로알모도바르각본,44,20
레토,173840,8.43,드라마,키릴세레브렌니코프,유태오,릴리이도프각본,50,20
거북이달린다,49483,8.43,범죄,이연우,김윤석,이연우각본,0,0
동경가족,99769,8.42,가족,야마다요지,츠마부키사토시,야마다요지각본,45,20
품행제로,34190,8.42,코미디,조근식,류승범,정진완각본,0,0
위대한유산,19076,8.42,드라마,알폰소쿠아론,에단호크,미치글라저각본,0,0
지옥의묵시록,10501,8.42,드라마,프란시스포드코폴라,말론브란도,프란시스포드코폴라각본,56,20
허니,36742,8.42,멜로/로맨스,빌우드러프,제시카알바,아론조브라운각본,0,0
호빗:뜻밖의여정,68073,8.42,판타지,피터잭슨,이안맥켈런,필리파보엔스각본,47,20
보이스,190320,8.42,범죄,김선,변요한,배영익각본,43,30
어둠속의댄서,29797,8.42,드라마,라스폰트리에,비요크,라스폰트리에각본,45,20
워터월드,17116,8.42,모험,케빈레이놀즈,케빈코스트너,피터라더각본,0,0
아비정전,10546,8.42,드라마,왕가위,장국영,왕가위각본,57,20
너의결혼식,140652,8.42,멜로/로맨스,이석근,박보영,이석근각본,63,20
명탐정코난:화염의해바라기,134136,8.42,애니메이션,시즈노코분,김선혜,사쿠라이다케하루각본,41,30
샬롯의거미줄,56225,8.42,코미디,게리위닉,줄리아로버츠,수잔나그랜트각본,0,0
성실한나라의앨리스,118323,8.42,드라마,안국진,이정현,안국진각본,55,20
터미네이터:다크페이트,167605,8.42,SF,팀밀러,맥켄지데이비스,데이빗고이어각본,34,20
나이트크롤러,117786,8.42,범죄,댄길로이,제이크질렌할,댄길로이각본,69,20
500일의썸머,53152,8.42,코미디,마크웹,조셉고든레빗,스콧뉴스타드터각본,63,20
숀더쉽,129164,8.42,애니메이션,마크버튼,저스틴플레쳐,마크버튼각본,53,30
머니볼,51786,8.42,드라마,베넷밀러,브래드피트,스티븐자일리안각본,0,0
마션,129049,8.42,모험,리들리스콧,맷데이먼,드류고다드각본,51,20
드라이브마이카,205623,8.42,드라마,하마구치류스케,니시지마히데토시,하마구치류스케각색,40,30
월레스와그로밋-거대토끼의저주,44006,8.42,애니메이션,닉파크,피터샐리스,밥베이커각본,0,0
라스베가스에서만생길수있는일,67195,8.42,멜로/로맨스,톰본,카메론디아즈,데이너폭스각본,0,0
극장판암살교실:365일의시간,160750,8.42,애니메이션,키시세이지,후쿠야마쥰,마츠이유세이원작자,32,20
에놀라홈즈,196389,8.42,모험,해리브래드비어,밀리바비브라운,잭쏜각본,0,0
다이노타임,78294,8.42,애니메이션,최윤석,멜라니그리피스,애덤비첸각본,78,30
스윙키즈,164101,8.41,드라마,강형철,도경수,강형철각본,40,20
바이스,168045,8.41,드라마,아담맥케이,크리스찬베일,아담맥케이각본,40,30
3:10투유마,66102,8.41,액션,제임스맨골드,크리스찬베일,핼스테드웰레스각본,0,0
나는부정한다,144984,8.41,드라마,믹잭슨,레이첼와이즈,데이비드헤어각본,37,20
연애빠진로맨스,196809,8.41,멜로/로맨스,정가영,전종서,정가영각본,43,20
존말코비치되기,27564,8.41,판타지,스파이크존즈,존쿠삭,찰리카우프만각본,100,20
블랙머니,189053,8.41,범죄,정지영,조진웅,한현근각본,48,20
카페벨에포크,185285,8.41,코미디,니콜라스베도스,다니엘오떼유,니콜라스베도스각본,46,20
타임투킬,17724,8.41,드라마,조엘슈마허,산드라블록,아키바골즈먼각본,0,0
소라닌,52996,8.41,드라마,미키타카히로,코라켄고,타카하시이즈미각본,0,0
셔터아일랜드,69689,8.41,드라마,마틴스콜세지,레오나르도디카프리오,리타캘로그리디스각본,0,0
극장판파워레인저트레인포스VS다이노포스THEMOVIE,135807,8.41,액션,와타나베카츠야,심규혁,코바야시야스코각본,77,30
밤쉘:세상을바꾼폭탄선언,191143,8.41,드라마,제이로치,샤를리즈테론,찰스랜돌프각본,50,20
바스터즈:거친녀석들,52245,8.41,액션,쿠엔틴타란티노,브래드피트,쿠엔틴타란티노각본,50,30
무명인,96910,8.41,미스터리,김성수,니시지마히데토시,김성수각본,60,20
슬픔보다더슬픈이야기,51781,8.41,멜로/로맨스,원태연,권상우,원태연각본,0,0
스니치,101062,8.4,액션,릭로먼워,드웨인존슨,릭로먼워각본,0,0
"혜화,동",74453,8.4,드라마,민용근,유다인,민용근각본,50,30
노스페이스,50721,8.4,모험,필립슈톨츨,벤노퓨어만,크리스토프실버각본,0,0
너를만난여름,187787,8.4,드라마,장적사,진비우,None,40,20
그레이맨,216495,8.4,액션,앤서니루소,라이언고슬링,조루소각본,41,30
박스트롤,109971,8.4,애니메이션,그레이엄애나블,엘르패닝,이레나브릭널각본,59,30
최강전사미니특공대:영웅의탄생,145376,8.4,애니메이션,이영준,전체관람가,None,75,30
영웅:천하의시작,34431,8.4,액션,장이머우,이연걸,장이머우각본,60,20
우리형,38384,8.4,드라마,안권태,원빈,안권태각본,0,0
킬러의보디가드,152625,8.4,액션,패트릭휴즈,라이언레이놀즈,톰오코너각본,73,20
플로렌스,136845,8.4,드라마,스티븐프리어즈,메릴스트립,니콜라스마틴각본,44,20
양지의그녀,100076,8.4,멜로/로맨스,미키타카히로,마츠모토준,무카이코스케각본,52,20
폭풍속으로,11088,8.4,액션,캐서린비글로우,키아누리브스,피터이리프각본,0,0
"고흐,영원의문에서",178067,8.4,드라마,줄리안슈나벨,윌렘대포,줄리안슈나벨각본,36,20
캐리,11757,8.4,드라마,브라이언드팔마,씨씨스페이식,로렌스코엔각본,100,20
트리플9,125423,8.4,범죄,존힐코트,치웨텔에지오포,매트쿡각본,56,20
필로미나의기적,108734,8.4,드라마,스티븐프리어스,주디덴치,스티브쿠건각본,44,20
새벽의저주,38364,8.4,공포,잭스나이더,사라폴리,제임스건각본,0,0
비우티풀,75241,8.4,드라마,알레한드로곤잘레스이냐리투,하비에르바르뎀,알레한드로곤잘레스이냐리투각본,0,0
탐정:리턴즈,159892,8.4,코미디,이언희,권상우,정한진각본,51,20
어글리트루스,53350,8.4,멜로/로맨스,로버트루케틱,캐서린헤이글,카렌맥컬라러츠각본,0,0
렌트,56065,8.4,드라마,크리스콜럼버스,로사리오도슨,스티븐크보스키각본,0,0
앨빈과슈퍼밴드3,84843,8.4,애니메이션,마이크미첼,저스틴롱,조나단에이벨각본,0,0
주디,167637,8.39,드라마,루퍼트굴드,르네젤위거,루퍼트굴드각본,40,20
러브라이브!선샤인!!더스쿨아이돌무비오버더레인보우,181711,8.39,애니메이션,사카이카즈오,이나미안쥬,하나다쥬키각본,61,20
시절인연,102028,8.39,멜로/로맨스,설효로,탕웨이,강지강각본,0,0
내겐너무아찔한그녀,38319,8.39,멜로/로맨스,루크그린필드,에밀허쉬,스튜어트블럼버그각본,0,0
천국보다아름다운,19503,8.39,드라마,빈센트워드,로빈윌리엄스,로널드바스각본,0,0
레미제라블,89755,8.39,드라마,톰후퍼,휴잭맨,윌리엄니콜슨각본,53,20
미씽:사라진여자,142625,8.39,미스터리,이언희,엄지원,홍은미각본,65,20
하나와앨리스:살인사건,134133,8.39,애니메이션,이와이슌지,아오이유우,이와이슌지각본,52,20
천재강아지미스터피바디,100015,8.39,애니메이션,롭민코프,타이버렐,크레이그라이트각본,59,30
리틀포레스트:여름과가을,129459,8.39,드라마,모리준이치,하시모토아이,이가라시다이스케원작자,45,20
반칙왕,28845,8.39,코미디,김지운,송강호,김지운각본,0,0
우아한거짓말,106522,8.39,드라마,이한,김희애,이숙연각본,50,20
엘라의계곡,68258,8.39,범죄,폴해기스,토미리존스,폴해기스각본,0,0
마이리틀히어로,91606,8.39,드라마,김성훈,김래원,안호경각본,0,0
챔프,74736,8.39,드라마,이환경,차태현,이환경각본,0,0
라비앙로즈,65923,8.39,드라마,올리비에다한,마리옹꼬띠아르,올리비에다한각본,37,30
일주일간친구,148996,8.39,멜로/로맨스,무라카미쇼스케,야마자키켄토,요시타카이시즈카제작,73,20
리틀포레스트2:겨울과봄,137347,8.39,드라마,모리준이치,하시모토아이,모리준이치각본,54,20
태양의제국,10636,8.39,전쟁,스티븐스필버그,크리스찬베일,톰스토파드각본,0,0
팬텀스레드,158645,8.39,드라마,폴토마스앤더슨,다니엘데이루이스,폴토마스앤더슨각본,44,20
부활,133496,8.39,드라마,케빈레이놀즈,조셉파인즈,케빈레이놀즈각본,32,20
제이슨본,144968,8.39,액션,폴그린그래스,맷데이먼,맷데이먼각본,38,20
그랜드부다페스트호텔,97612,8.39,미스터리,웨스앤더슨,랄프파인즈,웨스앤더슨각본,58,20
더블타겟,65113,8.38,액션,안톤후쿠아,마크월버그,조나단렘킨각본,0,0
위험한패밀리,95808,8.38,코미디,뤽베송,로버트드니로,뤽베송각본,43,30
헷지,52551,8.38,애니메이션,팀존슨,브루스윌리스,렌브럼각본,0,0
거짓말,130344,8.38,드라마,김동명,김꽃비,김동명각본,57,20
밀크,46528,8.38,드라마,구스반산트,숀펜,더스틴랜스블랙각본,100,30
"오늘밤,로맨스극장에서",170859,8.38,판타지,타케우치히데키,아야세하루카,우야마케이스케각본,49,20
"달콤,살벌한연인",55405,8.38,멜로/로맨스,손재곤,박용우,손재곤각본,0,0
지렁이,134891,8.38,드라마,윤학렬,김정균,윤학렬각본,40,30
실미도,34501,8.38,전쟁,강우석,설경구,김희재각본,0,0
너의췌장을먹고싶어,175318,8.38,애니메이션,우시지마신이치로,타카스기마히로,우시지마신이치로각본,54,20
할렐루야,18347,8.38,코미디,신승수,박중훈,김영찬각본,0,0
워호스,79315,8.38,전쟁,스티븐스필버그,제레미어바인,리홀각본,0,0
장화신은고양이,83546,8.38,애니메이션,크리스밀러,안토니오반데라스,브라이언린치각본,0,0
하늘을걷는남자,125405,8.38,드라마,로버트저메키스,조셉고든레빗,로버트저메키스각본,67,20
닥터슬립,185912,8.38,스릴러,마이크플래너건,이완맥그리거,마이크플래너건각본,41,20
복수는나의것,32667,8.38,범죄,박찬욱,송강호,박찬욱각본,67,20
액트오브밸러:최정예특수부대,86823,8.38,액션,마이크맥코이,로셀린샌체즈,커트존스타드각본,0,0
인디에어,53307,8.38,코미디,제이슨라이트먼,조지클루니,제이슨라이트맨각본,0,0
완벽한그녀에게딱한가지없는것,38572,8.38,멜로/로맨스,개리위닉,제니퍼가너,조쉬골드스미스각본,0,0
드림업,47425,8.38,코미디,토드그라프,앨리슨미칼카,조시케이건각본,0,0
히야,129096,8.37,드라마,김지연,안보현,김지연각본,44,20
사쿠란,60022,8.37,드라마,니나가와미카,츠치야안나,타나다유키각본,0,0
시애틀의잠못이루는밤,12918,8.37,멜로/로맨스,노라에프론,톰행크스,노라에프론각본,42,20
가족,37974,8.37,드라마,이정철,주현,이정철각본,0,0
스파이더맨:파프롬홈,173123,8.37,액션,존왓츠,톰홀랜드,크리스맥켄나각본,44,20
레볼루셔너리로드,66584,8.37,드라마,샘멘데스,레오나르도디카프리오,저스틴헤이시각본,0,0
드래프트데이,110649,8.37,드라마,이반라이트만,케빈코스트너,스콧로스먼각본,45,30
파운더,137976,8.37,드라마,존리행콕,마이클키튼,로버트시겔각본,45,20
용의자,93028,8.37,액션,원신연,공유,임상윤각본,45,20
나잇&데이,71486,8.37,액션,제임스맨골드,톰크루즈,패트릭오닐각본,0,0
옹박-무에타이의후예,37642,8.37,액션,프라챠핀카엡,토니자,프라차야핀카엡각본,0,0
러스트앤본,94300,8.37,멜로/로맨스,자크오디아르,마리옹꼬띠아르,자크오디아르각본,50,20
명탐정코난:감벽의관,66725,8.37,애니메이션,야마모토야스이치로,김선혜,카시와바라히로시각본,40,40
오펀:천사의비밀,54704,8.37,공포,자움콜렛세라,베라파미가,데이비드레슬리존슨맥골드릭각본,0,0
극장판요괴워치:염라대왕과5개의이야기다냥!,137884,8.37,애니메이션,타카하시시게하루,박경혜,최원영홍보마케팅,67,30
케이온,88494,8.36,애니메이션,야마다나오코,토요사키아키,요시다레이코각본,0,0
리턴,60480,8.36,스릴러,이규만,김명민,이규만각본,0,0
데몰리션맨,14425,8.36,액션,마르코브람빌라,실베스터스탤론,다니엘워터스각본,0,0
레지던트이블:파멸의날,110333,8.36,액션,폴앤더슨,밀라요보비치,폴앤더슨각본,51,20
나의결혼원정기,39441,8.36,드라마,황병국,정재영,황병국각본,0,0
냉정과열정사이,34532,8.36,멜로/로맨스,나카에이사무,다케노우치유타카,미즈하시후미에각본,56,20
뮨:달의요정,140139,8.36,애니메이션,알렉상드르헤보얀,조슈아J.발라드,None,67,30
해피엔드,26350,8.36,스릴러,정지우,최민식,정지우각본,0,0
미성년,171785,8.36,드라마,김윤석,염정아,김윤석각본,53,20
터널,141104,8.36,드라마,김성훈,하정우,김성훈각본,51,20
형,142803,8.36,코미디,권수경,조정석,유영아각본,55,20
킹스맨:골든서클,149747,8.36,액션,매튜본,콜린퍼스,제인골드만각본,64,20
티파니에서아침을,10073,8.36,드라마,블레이크에드워즈,오드리헵번,조지엑셀로드각본,40,20
안도타다오,148863,8.36,다큐멘터리,미즈노시게노리,안도다다오,None,37,30
초속5센티미터,66820,8.36,애니메이션,신카이마코토,미즈하시켄지,신카이마코토각본,49,20
레고닌자고무비,125439,8.36,애니메이션,찰리빈,데이브프랭코,밥로건각본,57,30
1919유관순,182407,8.36,다큐멘터리,신상민,이새봄,권선각색,39,20
P.S아이러브유,69099,8.36,멜로/로맨스,리처드라그라브네스,힐러리스웽크,리처드라그라브네스각본,0,0
아쿠아맨,151153,8.36,액션,제임스완,제이슨모모아,윌빌각본,42,20
개들의섬,150097,8.36,애니메이션,웨스앤더슨,브라이언크랜스톤,웨스앤더슨각본,53,20
써드퍼슨,98483,8.35,드라마,폴해기스,리암니슨,폴해기스각본,40,20
이장,185150,8.35,드라마,정승오,장리우,정승오각본,80,20
우리들의헤어진여자친구,114142,8.35,멜로/로맨스,이문영,주영호,이문영각본,0,0
유령신부,42842,8.35,애니메이션,팀버튼,조니뎁,파멜라페틀러각본,0,0
스파이더맨:홈커밍,135874,8.35,액션,존왓츠,톰홀랜드,조나단골드스틴각본,57,20
카모메식당,63969,8.35,코미디,오기가미나오코,고바야시사토미,오기가미나오코각본,40,20
어나더라운드,194813,8.35,드라마,토마스빈터베르그,매즈미켈슨,토비아스린드홈각본,39,20
덕혜옹주,94767,8.35,서사,허진호,손예진,허진호각본,47,20
홈,122197,8.35,애니메이션,팀존슨,짐파슨스,톰애스틀각본,69,30
낮술,49637,8.35,드라마,노영석,송삼동,노영석각본,0,0
헌트,195758,8.35,액션,이정재,이정재,이정재각본,39,30
이웃집남자,54349,8.34,드라마,장동홍,윤제문,천명관각본,0,0
신데렐라,101963,8.34,멜로/로맨스,케네스브래너,릴리제임스,엘라인브로쉬멕켄나각본,35,20
이다,113165,8.34,드라마,파벨포리코브스키,아가타트르제부초우스카,파벨포리코브스키각본,51,20
프리즌이스케이프,193804,8.34,모험,프란시스아난,다니엘래드클리프,프란시스아난각본,49,20
이파네마소년,52498,8.34,멜로/로맨스,김기훈,이수혁,김기훈각본,0,0
수퍼소닉,172816,8.34,애니메이션,제프파울러,짐캐리,패트릭캐시각본,41,30
아틱,175039,8.34,드라마,조페나,매즈미켈슨,조페나각본,45,30
어카운턴트,134859,8.34,드라마,게빈오코너,벤애플렉,빌듀부크각본,49,20
스폰지밥3D,125841,8.34,애니메이션,폴티비트,전태열,조나단에이벨각본,45,30
아키라,20308,8.34,애니메이션,오토모가츠히로,이와타미츠오,하시모토이조각본,64,20
모가디슈,192150,8.34,액션,류승완,김윤석,이기철각본,42,20
마이파더,65840,8.34,드라마,황동혁,김영철,윤진호각본,0,0
시카리오:암살자의도시,125466,8.34,범죄,드니빌뇌브,에밀리블런트,테일러쉐리던각본,54,20
다가오는것들,147945,8.34,드라마,미아한센-러브,이자벨위페르,미아한센러브각본,40,20
그린치,150688,8.34,애니메이션,스콧모지어,베네딕트컴버배치,마이클르시어각본,55,30
우아한세계,47414,8.34,범죄,한재림,송강호,한재림각본,0,0
닌자터틀:어둠의히어로,137908,8.34,액션,데이브그린,메간폭스,조시애펠바움각본,39,20
상하이,47428,8.34,드라마,미카엘하프스트롬,존쿠삭,호세인아미니각본,0,0
굿모닝에브리원,52972,8.34,코미디,로저미첼,레이첼맥아덤즈,엘라인브로쉬멕켄나각본,0,0
블루발렌타인,73588,8.33,드라마,데릭시엔프랜스,라이언고슬링,데릭시엔프랜스각본,60,30
우리도사랑일까,78845,8.33,드라마,사라폴리,미셸윌리엄스,사라폴리각본,49,20
싱글라이더,146459,8.33,드라마,이주영,이병헌,이주영각본,51,20
케빈에대하여,86843,8.33,드라마,린램지,틸다스윈튼,린램지각본,71,20
월요일이사라졌다,118955,8.33,액션,토미위르콜라,누미라파스,맥스봇킨각본,42,30
한번더해피엔딩,124288,8.33,코미디,마크로렌스,휴그랜트,마크로렌스각본,50,20
극장판도라에몽:진구의우주영웅기~스페이스히어로즈~,134685,8.33,애니메이션,오오스기요시히로,미즈타와사비,시미즈히가시각본,65,30
프로포즈데이,72222,8.33,멜로/로맨스,아넌드터커,에이미아담스,데보라캐플란각본,0,0
암수살인,167105,8.33,범죄,김태균,김윤석,곽경택각본,53,20
매그놀리아,28789,8.33,드라마,폴토마스앤더슨,멜로라월터스,폴토마스앤더슨각본,72,20
마지막선물...귀휴,65751,8.33,드라마,김영준,신현준,봄의환각본,0,0
페어러브,66001,8.33,드라마,신연식,안성기,신연식각본,0,0
살아남은아이,159894,8.33,드라마,신동석,최무성,신동석각본,36,20
셰이프오브워터:사랑의모양,158626,8.33,드라마,기예르모델토로,샐리호킨스,바네사테일러각본,59,20
현기증,113303,8.33,드라마,이돈구,김영애,이돈구각본,47,20
불청객,76791,8.33,판타지,이응일,김진식,이응일각본,0,0
Mr.히치-당신을위한데이트코치,40034,8.33,멜로/로맨스,앤디테넌트,윌스미스,케빈비쉬각본,0,0
보이걸씽,65553,8.33,코미디,닉허랜,사마이어암스트롱,조프딘각본,0,0
우리집에왜왔니,51957,8.32,멜로/로맨스,황수아,박희순,김지혜각본,0,0
강철비,155665,8.32,액션,양우석,정우성,양우석각본,46,20
인사이더,25633,8.32,드라마,마이클만,알파치노,마이클만각본,0,0
고스트버스터즈,10095,8.32,SF,이반라이트만,빌머레이,댄애크로이드각본,0,0
바다탐험대옥토넛시즌4:아슬아슬구조대작전,149576,8.32,애니메이션,다라오코넬,하성용,스테파니심슨각본,75,30
들개,115955,8.32,드라마,김정훈,변요한,김정훈각본,88,20
토르:다크월드,95873,8.32,액션,앨런테일러,크리스헴스워스,돈페인각본,0,0
오멘,10066,8.32,공포,리처드도너,그레고리펙,데이비드셀처각본,0,0
50/50,78846,8.32,코미디,조나단레빈,조셉고든레빗,윌레이저각본,0,0
신은죽지않았다3:어둠속의빛,172344,8.32,드라마,마이클메이슨,데이빗A.R.화이트,마이클메이슨각본,27,50
리스본행야간열차,103178,8.32,미스터리,빌어거스트,제레미아이언스,그렉래터각본,48,20
롱기스트야드,39910,8.32,코미디,피터시걸,아담샌들러,쉘든터너각본,0,0
검은사제들,120157,8.32,미스터리,장재현,김윤석,장재현각본,58,20
그래비티,47370,8.32,SF,알폰소쿠아론,산드라블록,알폰소쿠아론각본,50,20
이스케이프플랜,92067,8.32,액션,미카엘하프스트롬,아놀드슈왈제네거,마일즈챕맨각본,0,0
자백,191430,8.32,범죄,윤종석,소지섭,윤종석각본,39,30
큐어,26545,8.31,범죄,구로사와기요시,야쿠쇼코지,구로사와기요시각본,41,30
비비안마이어를찾아서,113983,8.31,다큐멘터리,존말루프,존말루프,존말루프각본,49,20
나의첫번째슈퍼스타,193781,8.31,코미디,니샤가나트라,다코타존슨,플로라그리슨각본,53,20
런어웨이,37708,8.31,드라마,게리플레더,존쿠삭,브라이언코플먼각본,0,0
마음이외치고싶어해,142292,8.31,애니메이션,나가이타츠유키,미나세이노리,오카다마리각본,0,0
어벤져스:에이지오브울트론,98438,8.31,액션,조스웨던,로버트다우니주니어,조스웨던각본,50,20
헝거게임:캣칭파이어,94170,8.31,판타지,프란시스로렌스,제니퍼로렌스,사이몬뷰포이각본,0,0
튼튼이의모험,162423,8.31,코미디,고봉수,김충길,고봉수각본,42,20
"좋아해,너를",144213,8.31,드라마,이마이즈미리키야,렌,이마이즈미리키야각본,42,20
위워솔저스,34416,8.31,전쟁,랜들월리스,멜깁슨,랜달웰러스각본,0,0
엑시트,174903,8.31,액션,이상근,조정석,이상근각본,40,20
킹스스피치,76439,8.31,드라마,톰후퍼,콜린퍼스,데이비드세이들러각본,0,0
유레루,60510,8.31,드라마,니시카와미와,오다기리죠,니시카와미와각본,0,0
특별수사:사형수의편지,130720,8.31,범죄,권종관,김명민,권종관각본,56,20
더콜,91700,8.31,범죄,브래드앤더슨,할리베리,리처드도비디오각본,0,0
파파로티,85640,8.31,드라마,윤종찬,한석규,유영아각본,0,0
원챈스,113163,8.31,코미디,데이빗프랭클,제임스코든,저스틴잭햄각본,44,20
주유소습격사건,25970,8.31,코미디,김상진,이성재,박정우각본,0,0
헤어스프레이,45535,8.31,뮤지컬,아담쉥크만,니키브론스키,레슬리딕슨각본,0,0
나없는내인생,37733,8.31,멜로/로맨스,이자벨코이셋,사라폴리,이자벨코이젯트각본,0,0
슈퍼빼꼼:스파이대작전,94183,8.31,애니메이션,임아론,김태균,정하용각본,63,30
마야,127707,8.3,애니메이션,알렉스슈타더만,전체관람가,마커스소어먼각본,72,30
천년여우,33652,8.3,애니메이션,곤사토시,오리카사후미코,곤사토시각본,0,0
리오2,103324,8.3,애니메이션,카를로스살다나,제시아이젠버그,카를로스살다나각본,63,30
몬스터패밀리,163844,8.3,애니메이션,호거태프,에밀리왓슨,다비드사피어각본,65,30
폴:600미터,220613,8.3,스릴러,스콧만,그레이스펄튼,조나단프랭크각본,41,30
겟아웃,156083,8.3,미스터리,조던필,다니엘칼루야,조던필각본,69,20
미라클프롬헤븐,140787,8.3,드라마,패트리시아리건,제니퍼가너,랜디브라운각본,36,20
킬빌-1부,13244,8.3,액션,쿠엔틴타란티노,우마서먼,쿠엔틴타란티노각본,62,30
유스,139438,8.3,드라마,파올로소렌티노,마이클케인,파올로소렌티노각본,44,20
18:우리들의성장느와르,102431,8.3,느와르,한윤선,이재응,한윤선각본,100,20
나를찾아줘,116234,8.3,스릴러,데이빗핀처,벤애플렉,길리언플린각본,59,20
제보자,128235,8.3,드라마,임순례,박해일,이춘형각본,57,20
나우유씨미2,113344,8.3,범죄,존추,제시아이젠버그,피트치아렐리각본,61,20
패터슨,144975,8.3,드라마,짐자무쉬,아담드라이버,짐자무쉬각본,54,20
노미오와줄리엣,76444,8.3,애니메이션,켈리애스버리,이준,존스미스각본,0,0
덩케르크,146480,8.3,액션,크리스토퍼놀란,핀화이트헤드,크리스토퍼놀란각본,55,20
에너미라인스,34076,8.3,전쟁,존무어,오웬윌슨,데이빗벨로즈각본,0,0
"안녕,형아",39427,8.3,드라마,임태형,박지빈,김은정각본,0,0
프로스트VS닉슨,47404,8.3,드라마,론하워드,프랭크란젤라,피터모건각본,0,0
폭력의법칙:나쁜피두번째이야기,154136,8.3,드라마,강효진,김영무,강효진각본,40,20
쓰리데이즈,72043,8.29,범죄,폴해기스,러셀크로우,폴해기스각본,0,0
내인생의마지막변화구,92827,8.29,드라마,로버트로렌즈,클린트이스트우드,랜디브라운각본,0,0
사도,121922,8.29,드라마,이준익,송강호,조철현각본,49,20
옹박-두번째미션,41334,8.29,액션,프라챠핀카엡,토니자,프라차야핀카엡각본,0,0
킬러들의수다,31606,8.29,액션,장진,신현준,장진각본,0,0
우리가꿈꾸는기적:인빅터스,71083,8.29,드라마,클린트이스트우드,모건프리먼,안소니페크험각본,0,0
더테러라이브,99794,8.29,스릴러,김병우,하정우,김병우각본,0,0
김종욱찾기,74893,8.29,멜로/로맨스,장유정,임수정,이경의각본,0,0
컨테이젼,32972,8.29,미스터리,스티븐소더버그,마리옹꼬띠아르,스콧번스각본,0,0
쏘우2,43210,8.28,공포,대런린보우즈만,토빈벨,대런린보우즈만각본,0,0
앵그리버드더무비,133457,8.28,애니메이션,클레이케이티스,신동엽,존비티각본,61,30
향수-어느살인자의이야기,52553,8.28,드라마,톰티크베어,벤위쇼,앤드류버킨각본,67,20
씬시티,39908,8.28,액션,프랭크밀러,브루스윌리스,프랭크밀러각본,0,0
앨빈과슈퍼밴드:악동어드벤처,113301,8.28,애니메이션,월트베커,저스틴롱,로스바그다사리언각본,57,30
무인곽원갑,57897,8.28,액션,우인태,이연걸,왕빈각본,0,0
모짜르트와고래,42877,8.28,멜로/로맨스,페테르내스,조쉬하트넷,로널드바스각본,0,0
황색눈물,64923,8.28,드라마,이누도잇신,마츠모토준,이치카와신이치각본,0,0
데스위시,158621,8.28,액션,일라이로스,브루스윌리스,조카나한각본,64,30
로드투퍼디션,31310,8.28,모험,샘멘데스,톰행크스,데이빗셀프각본,0,0
시간여행자의아내,68086,8.28,멜로/로맨스,로베르트슈벤트케,에릭바나,브루스조엘루빈각본,0,0
에브리씽에브리웨어올앳원스,219402,8.28,액션,다니엘콴,양자경,조루소제작,47,20
나의특별한사랑이야기,66253,8.28,코미디,애덤브룩스,라이언레이놀즈,아담브룩스각본,0,0
캐리비안의해적:죽은자는말이없다,82473,8.28,액션,요아킴뢰닝,조니뎁,스튜어트베티각본,58,20
비밀,31371,8.28,판타지,타키타요지로,히로스에료코,사이토히로시각본,100,30
더재킷,40101,8.28,스릴러,존메이버리,애드리언브로디,마시태지딘각본,0,0
데인저러스메소드,74058,8.28,드라마,데이빗크로넨버그,키이라나이틀리,크리스토퍼햄튼각본,0,0
신기전,63824,8.28,드라마,김유진,정재영,이만희각본,0,0
7급공무원,51082,8.28,액션,신태라,김하늘,천성일각본,0,0
램페이지,162249,8.28,액션,브래드페이튼,드웨인존슨,라이언잉글각본,48,20
메이즈러너,105015,8.28,액션,웨스볼,딜런오브라이언,제임스대쉬너각본,58,20
극장판요괴워치:하늘을나는고래와더블세계다냥!,156200,8.28,애니메이션,우시로신지,박경혜,None,60,30
칠드런오브맨,63113,8.27,SF,알폰소쿠아론,클라이브오웬,알폰소쿠아론각본,65,20
노아의방주:남겨진녀석들,133223,8.27,애니메이션,토비젠켈,김하영,토비젠켈각본,64,30
해적:바다로간산적,102817,8.27,모험,이석훈,김남길,천성일각본,45,20
저수지의개들,16570,8.27,범죄,쿠엔틴타란티노,하비케이틀,쿠엔틴타란티노각본,0,0
데스노트-라스트네임,63562,8.27,미스터리,카네코슈스케,후지와라타츠야,오오이시테츠야각본,0,0
엔젤해즈폴른,163831,8.27,액션,릭로먼워,제라드버틀러,로버트마크케이먼각본,41,20
파프리카,63515,8.27,애니메이션,곤사토시,하야시바라메구미,곤사토시각본,0,0
라이온킹,169637,8.27,모험,존파브로,도날드글로버,제프나단슨각본,40,30
"바람의검,신선조",37720,8.27,드라마,타키타요지로,나카이키이치,나카지마타케히로각본,0,0
콜드워,174832,8.27,드라마,파벨포리코브스키,요안나쿨릭,파벨포리코브스키각본,36,30
브라더스,69866,8.27,전쟁,짐쉐리단,토비맥과이어,데이비드베니오프각본,0,0
스탠리의도시락,86177,8.27,드라마,아몰굽테,파토르A굽테,아몰굽테각본,0,0
데스티네이션,29223,8.27,공포,제임스왕,데본사와,글렌모건각본,0,0
분노의질주,32723,8.27,범죄,롭코헨,빈디젤,게리스콧톰슨각본,0,0
원티드,66834,8.27,액션,티무르베크맘베토브,제임스맥어보이,마이클브랜트각본,0,0
장사리:잊혀진영웅들,159806,8.27,전쟁,곽경택,김명민,이만희각본,38,20
미스터캣,137972,8.27,코미디,배리소넨펠드,케빈스페이시,맷앨런각본,38,30
인크레더블헐크,62560,8.27,액션,루이스리터리어,에드워드노튼,자크펜각본,0,0
이퀄스,127361,8.27,드라마,드레이크도리머스,크리스틴스튜어트,나단파커각본,66,20
판타스틱소녀백서,32975,8.26,코미디,테리즈위고프,도라버치,다니엘클로위즈각본,0,0
청년경찰,153652,8.26,액션,김주환,박서준,김주환각본,58,20
버드맨,107306,8.26,코미디,알레한드로곤잘레스이냐리투,마이클키튼,알레한드로곤잘레스이냐리투각본,59,20
이별계약,105002,8.26,드라마,오기환,펑위옌,김영호촬영,0,0
문호스트레이독스[데드애플],172117,8.26,애니메이션,이가라시타쿠야,에무라유우토,None,42,20
빛나는순간,193327,8.26,드라마,소준문,고두심,소준문각본,43,20
공조,142384,8.26,액션,김성훈,현빈,윤현호각본,43,20
크리스마스캐롤,68204,8.26,애니메이션,로버트저메키스,짐캐리,로버트저메키스각본,0,0
컨택트,136869,8.26,드라마,드니빌뇌브,에이미아담스,에릭헤이저러각색,52,20
좋아해줘,136893,8.26,멜로/로맨스,박현진,이미연,유영아각본,57,20
하늘에서음식이내린다면,53041,8.26,애니메이션,필로드,빌헤이더,필로드각본,0,0
바다탐험대옥토넛시즌4:바다괴물대소동,158266,8.26,애니메이션,다라오코넬,하성용,스테파니심슨각본,75,30
프라임러브,43610,8.26,멜로/로맨스,벤영거,우마서먼,벤영거각본,0,0
종려나무숲,42931,8.26,드라마,유상욱,김민종,유상욱각본,0,0
거울나라의앨리스,118953,8.26,모험,제임스보빈,조니뎁,린다울버턴각본,48,20
시간,57829,8.25,멜로/로맨스,김기덕,성현아,김기덕각본,0,0
양자물리학,187629,8.25,범죄,이성태,박해수,이성태각본,45,20
슈퍼미니,116327,8.25,애니메이션,토마스자보,전체관람가,토마스자보각본,65,30
크래쉬,39840,8.25,드라마,폴해기스,산드라블록,폴해기스각본,0,0
마이펫오지,157500,8.25,애니메이션,알베르토로드리게즈,남도형,켄조니악프로듀서,57,30
벤허,125468,8.25,모험,티무르베크맘베토브,잭휴스턴,키스클락각본,37,20
멋진하루,69023,8.25,드라마,이윤기,전도연,이윤기각본,100,20
판의미로-오필리아와세개의열쇠,49336,8.25,판타지,기예르모델토로,이바나바쿠에로,기예르모델토로각본,59,20
서약,84414,8.25,드라마,마이클수지,레이첼맥아덤즈,에비콘각본,0,0
오블리비언,85633,8.25,액션,조셉코신스키,톰크루즈,조셉코신스키각본,0,0
메소드,165669,8.25,드라마,방은진,박성웅,민예지각본,62,20
사랑할때이야기하는것들,60548,8.25,멜로/로맨스,변승욱,한석규,변승욱각본,0,0
피터와드래곤,134847,8.25,모험,데이빗로워리,브라이스달라스하워드,토비할브룩스각본,63,30
불량공주모모코,38823,8.25,코미디,나카시마테츠야,후카다쿄코,나카시마테츠야각본,0,0
구스범스,127866,8.24,액션,롭레터맨,잭블랙,칼엘스워스각본,39,20
삼진그룹영어토익반,189141,8.24,드라마,이종필,고아성,홍수영각본,49,20
우리의20세기,143390,8.24,드라마,마이크밀스,아네트베닝,마이크밀스각본,52,20
내안의그놈,164172,8.24,판타지,강효진,진영,신한솔각본,52,20
트루로맨스,16201,8.24,드라마,토니스콧,크리스찬슬레이터,쿠엔틴타란티노각본,0,0
마루밑아리에티,73301,8.24,애니메이션,요네바야시히로마사,시다미라이,미야자키하야오각본,0,0
아메리칸싸이코,28910,8.24,범죄,메리해론,크리스찬베일,메리해론각본,0,0
양아치느와르,177975,8.24,드라마,강효진,김병철,유영채공동프로듀서,100,40
레드카펫,106332,8.24,멜로/로맨스,박범수,윤계상,박범수각본,70,20
무지개여신,63485,8.24,멜로/로맨스,쿠마자와나오토,이치하라하야토,사쿠라이아미각본,0,0
나의PS파트너,90885,8.24,멜로/로맨스,변성현,지성,변성현각본,0,0
신은죽지않았다2,147054,8.24,드라마,해롤드크론크,멜리사조안하트,척콘젤만각본,29,20
"연애,그참을수없는가벼움",58273,8.24,드라마,김해곤,김승우,김해곤각본,0,0
비기너스,78672,8.24,드라마,마이크밀스,이완맥그리거,마이크밀스각본,0,0
제로다크서티,85141,8.24,스릴러,캐스린비글로우,제시카차스테인,마크볼각본,50,20
화벽,82262,8.24,멜로/로맨스,진가상,손려,진가상각본,0,0
원데이,79770,8.23,드라마,론쉐르픽,앤해서웨이,데이비드니콜스각본,53,20
아르고,91603,8.23,드라마,벤애플렉,벤애플렉,크리스테리오각본,0,0
타임패러독스,118347,8.23,SF,마이클스피어리그,에단호크,마이클스피어리그각본,59,20
아이스에이지4:대륙이동설,82227,8.23,애니메이션,스티브마티노,존레귀자모,마이클버그각본,0,0
여고괴담두번째이야기,25917,8.23,공포,김태용,김규리,김태용각본,86,20
클라우드아틀라스,82389,8.23,SF,릴리워쇼스키,톰행크스,톰티크베어각본,0,0
폼포코너구리대작전,22749,8.23,애니메이션,다카하타이사오,신초우코콘데이,다카하타이사오각본,0,0
포화속으로,51386,8.23,전쟁,이재한,차승원,이만희각본,0,0
베티블루37.2,12787,8.23,멜로/로맨스,장자끄베넥스,장위그앙글라드,장자끄베넥스각본,60,20
디파이언스,47364,8.23,전쟁,에드워드즈윅,다니엘크레이그,에드워드즈윅각본,0,0
컬러풀웨딩즈,125426,8.23,코미디,필립드쇼브홍,프레데릭벨,필립드쇼브홍각본,57,20
벼랑위의포뇨,66464,8.23,모험,미야자키하야오,나라유리아,미야자키하야오각본,100,20
월드워Z,51777,8.23,드라마,마크포스터,브래드피트,마이클스트랙진스키각본,57,20
미스터노바디,70615,8.23,드라마,자코반도마엘,자레드레토,자코반도마엘각본,0,0
수퍼소닉2,212095,8.23,애니메이션,제프파울러,제임스마스던,닐모리츠프로듀서,41,30
멋진악몽,77835,8.23,코미디,미타니코키,후카츠에리,미타니코키각본,0,0
노인을위한나라는없다,66751,8.22,스릴러,에단코엔,토미리존스,조엘코엔각본,59,20
아이인더스카이,125419,8.22,드라마,개빈후드,헬렌미렌,가이히버트각본,57,20
저산너머,193092,8.22,드라마,최종태,이경훈,최종태각본,38,30
무산일기,78300,8.22,드라마,박정범,박정범,박정범각본,0,0
허비-첫시동을걸다,41592,8.22,모험,안젤라로빈슨,린제이로한,토마스레논각본,0,0
경계선,175045,8.22,판타지,알리아바시,에바멜란데르,알리아바시각본,53,20
컨저링2,114282,8.22,공포,제임스완,베라파미가,캐리헤이즈각본,72,20
거북이는의외로빨리헤엄친다,42869,8.22,코미디,미키사토시,우에노주리,미키사토시각본,0,0
발레교습소,38138,8.22,드라마,변영주,윤계상,신혜은각본,0,0
댄인러브,69339,8.22,코미디,피터헤지스,스티브카렐,피터헤지스각본,0,0
일루셔니스트,54871,8.22,드라마,닐버거,에드워드노튼,닐버거각본,0,0
엔칸토:마법의세계,210282,8.22,애니메이션,바이론하워드,스테파니비트리즈,클라크스펜서프로듀서,46,20
페넬로피,65242,8.22,코미디,마크파랜스키,크리스티나리치,레슬리카베니각본,0,0
인투더스톰,100990,8.22,액션,스티븐쿼일,리처드아미티지,존스웨트남각본,51,20
팬도럼,54290,8.22,공포,크리스티앙알바트,데니스퀘이드,트라비스밀로이각본,0,0
마녀,175322,8.22,미스터리,박훈정,김다미,박훈정각본,52,20
런,190722,8.22,미스터리,아니쉬차간티,사라폴슨,아니쉬차간티각본,46,20
말레피센트,92003,8.22,판타지,로버트스트롬버그,안젤리나졸리,린다울버턴각본,48,20
럭키넘버슬레븐,47401,8.22,범죄,폴맥기건,조쉬하트넷,제이슨스마일로빅각본,0,0
"그래,가족",151192,8.21,드라마,마대윤,이요원,정미진각본,52,20
엑스맨2-엑스투,35110,8.21,SF,브라이언싱어,패트릭스튜어트,마이클도허티각본,0,0
전우치,48227,8.21,액션,최동훈,강동원,최동훈각본,0,0
서양골동양과자점앤티크,69467,8.21,드라마,민규동,주지훈,민규동각본,0,0
69식스티나인,39632,8.21,드라마,이상일,츠마부키사토시,쿠도칸쿠로각본,0,0
577프로젝트,91391,8.21,코미디,이근우,공효진,박철수투자총괄,0,0
빅아이즈,81464,8.21,드라마,팀버튼,에이미아담스,스콧알렉산더각본,49,20
캐리비안의해적-세상의끝에서,43679,8.21,판타지,고어버빈스키,조니뎁,테드엘리엇각본,0,0
인디펜던스데이,17416,8.21,SF,롤랜드에머리히,윌스미스,딘데블린각본,0,0
올이즈로스트,91189,8.21,액션,J.C.챈더,로버트레드포드,챈더각본,0,0
인랑,29892,8.21,판타지,오키우라히로유키,후지키요시카츠,오시이마모루각본,0,0
"화성아이,지구아빠",65513,8.21,코미디,메노메이제스,존쿠삭,세스배스각본,0,0
체인지,17920,8.21,코미디,이진석,정준,이선미각본,0,0
오!브라더스,36720,8.21,코미디,김용화,이정재,김용화각본,0,0
엑스맨탄생:울버린,64161,8.21,SF,개빈후드,휴잭맨,데이비드베니오프각본,0,0
천일의스캔들,61845,8.21,드라마,저스틴채드윅,나탈리포트만,피터모건각본,0,0
사랑을놓치다,42690,8.21,드라마,추창민,설경구,추창민각본,0,0
1번가의기적,61103,8.21,코미디,윤제균,임창정,유성협각본,0,0
해리포터와죽음의성물-1부,67901,8.21,액션,데이빗예이츠,다니엘래드클리프,스티브클로브스각본,0,0
철콘근크리트,64089,8.21,애니메이션,마이클아리아스,아오이유우,안소니웨인트롭각본,100,20
팅커테일러솔저스파이,80219,8.21,스릴러,토마스알프레드슨,게리올드만,브리젯오코너각본,49,30
마지막4중주,98744,8.21,드라마,야론질버맨,필립세이모어호프만,야론질버만각본,60,20
킹스글레이브:파이널판타지XV,149797,8.21,애니메이션,노즈에타케시,레나헤디,존그레이엄음악,51,20
스워드피쉬,31939,8.21,범죄,도미닉세나,존트라볼타,스킵우즈각본,0,0
더테너리리코스핀토,93793,8.2,드라마,김상만,유지태,김상만각본,35,20
나의사적인여자친구,129671,8.2,서스펜스,프랑소와오종,로망뒤리스,프랑소와오종각본,52,20
비포미드나잇,102309,8.2,멜로/로맨스,리처드링클레이터,에단호크,에단호크각본,70,20
나쁜녀석들2,34486,8.2,액션,마이클베이,마틴로렌스,론쉘톤각본,0,0
프랑켄위니,76956,8.2,애니메이션,팀버튼,위노나라이더,팀버튼각본,0,0
판도라,132933,8.2,드라마,박정우,김남길,박정우각본,47,20
월스트리트:분노의복수,108043,8.2,액션,우베볼,도미닉퍼셀,우베볼각본,0,0
파가니니:악마의바이올리니스트,118652,8.2,드라마,버나드로즈,데이비드가렛,버나드로즈각본,41,20
랜섬,17725,8.2,스릴러,론하워드,멜깁슨,알렉산더이그논각본,0,0
이스턴프라미스,65197,8.2,범죄,데이빗크로넨버그,비고모텐슨,스티븐나이트각본,0,0
저지걸,35941,8.2,멜로/로맨스,케빈스미스,벤애플렉,케빈스미스각본,0,0
애프터양,206637,8.2,드라마,코고나다,콜린파렐,코고나다각본,43,20
퀸카로살아남는법,38582,8.2,코미디,마크워터스,린제이로한,티나페이각본,0,0
아이스에이지:지구대충돌,127378,8.2,애니메이션,마이크트메이어,존레귀자모,마이클윌슨각본,60,30
와일드테일즈:참을수없는순간,124844,8.2,코미디,데미안스지프론,리카도다린,데미안스지프론각본,47,20
이상한나라의수학자,190991,8.2,드라마,박동훈,최민식,이용재각본,43,30
짱구는못말려극장판:태풍을부르는나와우주의프린세스,93002,8.2,애니메이션,마스이소우이치,야지마아키코,우스이요시토원작자,0,0
고령화가족,97693,8.2,드라마,송해성,박해일,김해곤각본,0,0
4월이야기,27404,8.2,멜로/로맨스,이와이슌지,마츠다카코,이와이슌지각본,67,30
데드풀,75426,8.2,액션,팀밀러,라이언레이놀즈,렛리즈각본,69,20
클로저,39723,8.2,드라마,마이크니콜스,나탈리포트만,패트릭마버각본,56,20
록키4,10024,8.2,액션,실베스터스탤론,실베스터스탤론,실베스터스탤론각본,0,0
슬리피할로우,28099,8.19,판타지,팀버튼,조니뎁,앤드류케빈워커각본,0,0
스타트렉비욘드,125414,8.19,액션,저스틴린,크리스파인,사이먼페그각본,49,20
브리짓존스의일기-열정과애정,38906,8.19,멜로/로맨스,비번키드론,르네젤위거,아담브룩스각본,0,0
워터호스,65877,8.19,모험,제이러셀,알렉스에텔,로버트넬슨야곱각본,0,0
21그램,37951,8.19,범죄,알레한드로곤잘레스이냐리투,숀펜,알레한드로곤잘레스이냐리투각본,100,20
링컨차를타는변호사,80626,8.19,범죄,브래드퍼맨,매튜맥커너히,존로마노각본,0,0
해피데스데이,164932,8.19,미스터리,크리스토퍼랜던,제시카로테,스콧로브델각본,71,20
하트오브더씨,114225,8.19,액션,론하워드,크리스헴스워스,찰스리빗각본,50,20
기억의밤,160399,8.19,미스터리,장항준,강하늘,장항준각본,62,20
터미네이터:미래전쟁의시작,66520,8.19,SF,맥지,크리스찬베일,존브란카토각본,0,0
